grading_model,student,run,question,score,CodeExecution_mentioned,CodeExecution_deducted,ProcessFidelity_mentioned,ProcessFidelity_deducted,OutputAccuracy_mentioned,OutputAccuracy_deducted
qwen_qwen3.6-27b,student_high,1,Q1,5.0,True,False,False,False,True,False
qwen_qwen3.6-27b,student_high,1,Q2,5.0,True,False,False,False,True,False
qwen_qwen3.6-27b,student_high,1,Q3,5.0,False,False,True,False,True,False
qwen_qwen3.6-27b,student_high,1,Q4,5.0,True,False,True,False,True,False
qwen_qwen3.6-27b,student_high,1,Q5,5.0,True,False,False,False,True,False
qwen_qwen3.6-27b,student_high,1,Q6,5.0,True,False,False,False,True,False
qwen_qwen3.6-27b,student_high,2,Q1,5.0,True,False,False,False,True,False
qwen_qwen3.6-27b,student_high,2,Q2,5.0,True,False,False,False,True,False
qwen_qwen3.6-27b,student_high,2,Q3,5.0,False,False,True,False,True,False
qwen_qwen3.6-27b,student_high,2,Q4,5.0,True,False,True,False,True,False
qwen_qwen3.6-27b,student_high,2,Q5,5.0,True,False,False,False,True,False
qwen_qwen3.6-27b,student_high,2,Q6,5.0,True,False,False,False,True,False
qwen_qwen3.6-27b,student_high,3,Q1,5.0,True,False,False,False,True,False
qwen_qwen3.6-27b,student_high,3,Q2,5.0,True,False,True,False,True,False
qwen_qwen3.6-27b,student_high,3,Q3,5.0,False,False,True,False,True,False
qwen_qwen3.6-27b,student_high,3,Q4,5.0,True,False,True,False,True,False
qwen_qwen3.6-27b,student_high,3,Q5,5.0,True,False,False,False,True,False
qwen_qwen3.6-27b,student_high,3,Q6,5.0,True,False,False,False,True,False
qwen_qwen3.6-27b,student_high,4,Q1,5.0,True,False,False,False,True,False
qwen_qwen3.6-27b,student_high,4,Q2,5.0,True,False,True,False,True,False
qwen_qwen3.6-27b,student_high,4,Q3,5.0,False,False,True,False,True,False
qwen_qwen3.6-27b,student_high,4,Q4,5.0,True,False,True,False,True,False
qwen_qwen3.6-27b,student_high,4,Q5,5.0,True,False,False,False,True,False
qwen_qwen3.6-27b,student_high,4,Q6,5.0,True,False,False,False,True,False
qwen_qwen3.6-27b,student_high,5,Q1,5.0,True,False,False,False,True,False
qwen_qwen3.6-27b,student_high,5,Q2,5.0,True,False,False,False,True,False
qwen_qwen3.6-27b,student_high,5,Q3,5.0,False,False,True,False,True,False
qwen_qwen3.6-27b,student_high,5,Q4,5.0,True,False,False,False,True,False
qwen_qwen3.6-27b,student_high,5,Q5,5.0,True,False,False,False,True,False
qwen_qwen3.6-27b,student_high,5,Q6,5.0,True,False,False,False,True,False
qwen_qwen3.6-27b,student_high,6,Q1,5.0,True,False,False,False,True,False
qwen_qwen3.6-27b,student_high,6,Q2,5.0,True,False,False,False,True,False
qwen_qwen3.6-27b,student_high,6,Q3,5.0,False,False,True,False,True,False
qwen_qwen3.6-27b,student_high,6,Q4,5.0,True,False,False,False,True,False
qwen_qwen3.6-27b,student_high,6,Q5,5.0,True,False,False,False,True,False
qwen_qwen3.6-27b,student_high,6,Q6,5.0,True,False,False,False,True,False
qwen_qwen3.6-27b,student_high,7,Q1,5.0,True,False,False,False,True,False
qwen_qwen3.6-27b,student_high,7,Q2,5.0,True,False,False,False,True,False
qwen_qwen3.6-27b,student_high,7,Q3,5.0,False,False,True,False,True,False
qwen_qwen3.6-27b,student_high,7,Q4,5.0,True,False,False,False,True,False
qwen_qwen3.6-27b,student_high,7,Q5,5.0,True,False,False,False,True,False
qwen_qwen3.6-27b,student_high,7,Q6,5.0,True,False,False,False,True,False
qwen_qwen3.6-27b,student_high,8,Q1,5.0,True,False,False,False,True,False
qwen_qwen3.6-27b,student_high,8,Q2,5.0,True,False,False,False,True,False
qwen_qwen3.6-27b,student_high,8,Q3,5.0,False,False,True,False,True,False
qwen_qwen3.6-27b,student_high,8,Q4,5.0,True,False,False,False,True,False
qwen_qwen3.6-27b,student_high,8,Q5,5.0,True,False,False,False,True,False
qwen_qwen3.6-27b,student_high,8,Q6,5.0,True,False,False,False,True,False
qwen_qwen3.6-27b,student_high,9,Q1,5.0,True,False,False,False,True,False
qwen_qwen3.6-27b,student_high,9,Q2,5.0,True,False,False,False,True,False
qwen_qwen3.6-27b,student_high,9,Q3,5.0,False,False,True,False,True,False
qwen_qwen3.6-27b,student_high,9,Q4,5.0,True,False,False,False,True,False
qwen_qwen3.6-27b,student_high,9,Q5,5.0,True,False,False,False,True,False
qwen_qwen3.6-27b,student_high,9,Q6,5.0,True,False,False,False,True,False
qwen_qwen3.6-27b,student_high,10,Q1,5.0,True,False,False,False,True,False
qwen_qwen3.6-27b,student_high,10,Q2,5.0,True,False,False,False,True,False
qwen_qwen3.6-27b,student_high,10,Q3,5.0,False,False,True,False,True,False
qwen_qwen3.6-27b,student_high,10,Q4,5.0,True,False,False,False,True,False
qwen_qwen3.6-27b,student_high,10,Q5,5.0,True,False,False,False,True,False
qwen_qwen3.6-27b,student_high,10,Q6,5.0,True,False,False,False,True,False
qwen_qwen3.6-27b,student_high,11,Q1,5.0,True,False,False,False,True,False
qwen_qwen3.6-27b,student_high,11,Q2,5.0,True,False,False,False,True,False
qwen_qwen3.6-27b,student_high,11,Q3,5.0,False,False,True,False,True,False
qwen_qwen3.6-27b,student_high,11,Q4,5.0,True,False,False,False,True,False
qwen_qwen3.6-27b,student_high,11,Q5,5.0,True,False,False,False,True,False
qwen_qwen3.6-27b,student_high,11,Q6,5.0,True,False,False,False,True,False
qwen_qwen3.6-27b,student_high,12,Q1,5.0,True,False,False,False,True,False
qwen_qwen3.6-27b,student_high,12,Q2,5.0,True,False,True,False,True,False
qwen_qwen3.6-27b,student_high,12,Q3,5.0,False,False,True,False,True,False
qwen_qwen3.6-27b,student_high,12,Q4,5.0,True,False,False,False,True,False
qwen_qwen3.6-27b,student_high,12,Q5,5.0,True,False,False,False,True,False
qwen_qwen3.6-27b,student_high,12,Q6,5.0,True,False,False,False,True,False
qwen_qwen3.6-27b,student_high,13,Q1,5.0,True,False,False,False,True,False
qwen_qwen3.6-27b,student_high,13,Q2,5.0,True,False,True,False,True,False
qwen_qwen3.6-27b,student_high,13,Q3,5.0,False,False,True,False,True,False
qwen_qwen3.6-27b,student_high,13,Q4,5.0,True,False,True,False,True,False
qwen_qwen3.6-27b,student_high,13,Q5,5.0,True,False,False,False,True,False
qwen_qwen3.6-27b,student_high,13,Q6,5.0,True,False,True,False,True,False
qwen_qwen3.6-27b,student_high,14,Q1,5.0,True,False,False,False,True,False
qwen_qwen3.6-27b,student_high,14,Q2,5.0,True,False,True,False,False,False
qwen_qwen3.6-27b,student_high,14,Q3,5.0,False,False,True,False,True,False
qwen_qwen3.6-27b,student_high,14,Q4,5.0,True,False,True,False,True,False
qwen_qwen3.6-27b,student_high,14,Q5,5.0,True,False,False,False,True,False
qwen_qwen3.6-27b,student_high,14,Q6,5.0,True,False,False,False,True,False
qwen_qwen3.6-27b,student_high,15,Q1,5.0,True,False,False,False,True,False
qwen_qwen3.6-27b,student_high,15,Q2,5.0,True,False,True,False,True,False
qwen_qwen3.6-27b,student_high,15,Q3,5.0,False,False,False,False,True,False
qwen_qwen3.6-27b,student_high,15,Q4,5.0,True,False,True,False,True,False
qwen_qwen3.6-27b,student_high,15,Q5,5.0,True,False,False,False,True,False
qwen_qwen3.6-27b,student_high,15,Q6,5.0,True,False,True,False,True,False
qwen_qwen3.6-27b,student_high,16,Q1,5.0,True,False,False,False,True,False
qwen_qwen3.6-27b,student_high,16,Q2,5.0,True,False,False,False,True,False
qwen_qwen3.6-27b,student_high,16,Q3,5.0,False,False,True,False,True,False
qwen_qwen3.6-27b,student_high,16,Q4,5.0,True,False,True,False,True,False
qwen_qwen3.6-27b,student_high,16,Q5,5.0,True,False,False,False,True,False
qwen_qwen3.6-27b,student_high,16,Q6,5.0,True,False,False,False,True,False
qwen_qwen3.6-27b,student_high,17,Q1,5.0,True,False,True,False,True,False
qwen_qwen3.6-27b,student_high,17,Q2,5.0,True,False,True,False,True,False
qwen_qwen3.6-27b,student_high,17,Q3,5.0,False,False,False,False,True,False
qwen_qwen3.6-27b,student_high,17,Q4,5.0,True,False,True,False,True,False
qwen_qwen3.6-27b,student_high,17,Q5,5.0,False,False,False,False,True,False
qwen_qwen3.6-27b,student_high,17,Q6,5.0,True,False,True,False,True,False
qwen_qwen3.6-27b,student_high,18,Q1,5.0,True,False,False,False,True,False
qwen_qwen3.6-27b,student_high,18,Q2,5.0,True,False,True,False,True,False
qwen_qwen3.6-27b,student_high,18,Q3,5.0,False,False,True,False,True,False
qwen_qwen3.6-27b,student_high,18,Q4,5.0,True,False,False,False,True,False
qwen_qwen3.6-27b,student_high,18,Q5,5.0,True,False,False,False,True,False
qwen_qwen3.6-27b,student_high,18,Q6,5.0,True,False,False,False,True,False
qwen_qwen3.6-27b,student_high,19,Q1,5.0,True,False,False,False,True,False
qwen_qwen3.6-27b,student_high,19,Q2,5.0,True,False,False,False,True,False
qwen_qwen3.6-27b,student_high,19,Q3,5.0,False,False,True,False,True,False
qwen_qwen3.6-27b,student_high,19,Q4,5.0,True,False,False,False,True,False
qwen_qwen3.6-27b,student_high,19,Q5,5.0,True,False,False,False,True,False
qwen_qwen3.6-27b,student_high,19,Q6,5.0,True,False,False,False,True,False
qwen_qwen3.6-27b,student_high,20,Q1,5.0,True,False,False,False,True,False
qwen_qwen3.6-27b,student_high,20,Q2,5.0,True,False,True,False,True,False
qwen_qwen3.6-27b,student_high,20,Q3,5.0,False,False,True,False,True,False
qwen_qwen3.6-27b,student_high,20,Q4,5.0,True,False,True,False,True,False
qwen_qwen3.6-27b,student_high,20,Q5,5.0,True,False,False,False,True,False
qwen_qwen3.6-27b,student_high,20,Q6,5.0,True,False,True,False,True,False
qwen_qwen3.6-27b,student_high,21,Q1,5.0,True,False,False,False,True,False
qwen_qwen3.6-27b,student_high,21,Q2,5.0,True,False,False,False,True,False
qwen_qwen3.6-27b,student_high,21,Q3,5.0,False,False,True,False,True,False
qwen_qwen3.6-27b,student_high,21,Q4,5.0,True,False,False,False,True,False
qwen_qwen3.6-27b,student_high,21,Q5,5.0,True,False,False,False,True,False
qwen_qwen3.6-27b,student_high,21,Q6,5.0,True,False,False,False,True,False
qwen_qwen3.6-27b,student_high,22,Q1,5.0,True,False,True,False,True,False
qwen_qwen3.6-27b,student_high,22,Q2,5.0,True,False,True,False,True,False
qwen_qwen3.6-27b,student_high,22,Q3,5.0,False,False,False,False,True,False
qwen_qwen3.6-27b,student_high,22,Q4,5.0,True,False,True,False,True,False
qwen_qwen3.6-27b,student_high,22,Q5,5.0,False,False,False,False,True,False
qwen_qwen3.6-27b,student_high,22,Q6,5.0,True,False,True,False,True,False
qwen_qwen3.6-27b,student_high,23,Q1,5.0,True,False,True,False,True,False
qwen_qwen3.6-27b,student_high,23,Q2,5.0,True,False,True,False,True,False
qwen_qwen3.6-27b,student_high,23,Q3,5.0,False,False,True,False,True,False
qwen_qwen3.6-27b,student_high,23,Q4,5.0,True,False,True,False,True,False
qwen_qwen3.6-27b,student_high,23,Q5,5.0,False,False,False,False,True,False
qwen_qwen3.6-27b,student_high,23,Q6,5.0,True,False,True,False,True,False
qwen_qwen3.6-27b,student_high,24,Q1,5.0,True,False,False,False,True,False
qwen_qwen3.6-27b,student_high,24,Q2,5.0,True,False,True,False,True,False
qwen_qwen3.6-27b,student_high,24,Q3,5.0,False,False,False,False,True,False
qwen_qwen3.6-27b,student_high,24,Q4,5.0,True,False,True,False,True,False
qwen_qwen3.6-27b,student_high,24,Q5,5.0,True,False,False,False,True,False
qwen_qwen3.6-27b,student_high,24,Q6,5.0,True,False,True,False,True,False
qwen_qwen3.6-27b,student_high,25,Q1,5.0,True,False,False,False,True,False
qwen_qwen3.6-27b,student_high,25,Q2,5.0,True,False,False,False,True,False
qwen_qwen3.6-27b,student_high,25,Q3,5.0,False,False,True,False,True,False
qwen_qwen3.6-27b,student_high,25,Q4,5.0,True,False,True,False,True,False
qwen_qwen3.6-27b,student_high,25,Q5,5.0,True,False,False,False,True,False
qwen_qwen3.6-27b,student_high,25,Q6,5.0,True,False,False,False,True,False
qwen_qwen3.6-27b,student_high,26,Q1,5.0,True,False,False,False,True,False
qwen_qwen3.6-27b,student_high,26,Q2,5.0,True,False,False,False,True,False
qwen_qwen3.6-27b,student_high,26,Q3,5.0,False,False,True,False,True,False
qwen_qwen3.6-27b,student_high,26,Q4,5.0,True,False,True,False,True,False
qwen_qwen3.6-27b,student_high,26,Q5,5.0,True,False,False,False,True,False
qwen_qwen3.6-27b,student_high,26,Q6,5.0,True,False,False,False,True,False
qwen_qwen3.6-27b,student_high,27,Q1,5.0,True,False,False,False,True,False
qwen_qwen3.6-27b,student_high,27,Q2,5.0,True,False,False,False,True,False
qwen_qwen3.6-27b,student_high,27,Q3,5.0,False,False,True,False,True,False
qwen_qwen3.6-27b,student_high,27,Q4,5.0,True,False,False,False,True,False
qwen_qwen3.6-27b,student_high,27,Q5,5.0,True,False,False,False,True,False
qwen_qwen3.6-27b,student_high,27,Q6,5.0,True,False,False,False,True,False
qwen_qwen3.6-27b,student_high,28,Q1,5.0,True,False,False,False,True,False
qwen_qwen3.6-27b,student_high,28,Q2,5.0,True,False,True,False,True,False
qwen_qwen3.6-27b,student_high,28,Q3,5.0,False,False,True,False,True,False
qwen_qwen3.6-27b,student_high,28,Q4,5.0,True,False,False,False,True,False
qwen_qwen3.6-27b,student_high,28,Q5,5.0,True,False,False,False,True,False
qwen_qwen3.6-27b,student_high,28,Q6,5.0,True,False,False,False,True,False
qwen_qwen3.6-27b,student_high,29,Q1,5.0,True,False,False,False,True,False
qwen_qwen3.6-27b,student_high,29,Q2,5.0,True,False,True,False,False,False
qwen_qwen3.6-27b,student_high,29,Q3,5.0,False,False,False,False,True,False
qwen_qwen3.6-27b,student_high,29,Q4,5.0,True,False,True,False,True,False
qwen_qwen3.6-27b,student_high,29,Q5,5.0,True,False,False,False,True,False
qwen_qwen3.6-27b,student_high,29,Q6,5.0,True,False,True,False,True,False
qwen_qwen3.6-27b,student_high,30,Q1,5.0,True,False,False,False,True,False
qwen_qwen3.6-27b,student_high,30,Q2,5.0,True,False,True,False,True,False
qwen_qwen3.6-27b,student_high,30,Q3,5.0,False,False,True,False,True,False
qwen_qwen3.6-27b,student_high,30,Q4,5.0,True,False,True,False,True,False
qwen_qwen3.6-27b,student_high,30,Q5,5.0,True,False,False,False,True,False
qwen_qwen3.6-27b,student_high,30,Q6,5.0,True,False,False,False,True,False
qwen_qwen3.6-27b,student_high,31,Q1,5.0,True,False,False,False,True,False
qwen_qwen3.6-27b,student_high,31,Q2,5.0,True,False,False,False,True,False
qwen_qwen3.6-27b,student_high,31,Q3,5.0,False,False,True,False,True,False
qwen_qwen3.6-27b,student_high,31,Q4,5.0,True,False,False,False,True,False
qwen_qwen3.6-27b,student_high,31,Q5,5.0,True,False,False,False,True,False
qwen_qwen3.6-27b,student_high,31,Q6,5.0,True,False,False,False,True,False
qwen_qwen3.6-27b,student_high,32,Q1,5.0,True,False,True,False,True,False
qwen_qwen3.6-27b,student_high,32,Q2,5.0,True,False,True,False,True,False
qwen_qwen3.6-27b,student_high,32,Q3,5.0,False,False,True,False,True,False
qwen_qwen3.6-27b,student_high,32,Q4,5.0,True,False,True,False,True,False
qwen_qwen3.6-27b,student_high,32,Q5,5.0,False,False,False,False,True,False
qwen_qwen3.6-27b,student_high,32,Q6,5.0,True,False,True,False,True,False
qwen_qwen3.6-27b,student_high,33,Q1,5.0,True,False,False,False,True,False
qwen_qwen3.6-27b,student_high,33,Q2,5.0,True,False,False,False,True,False
qwen_qwen3.6-27b,student_high,33,Q3,5.0,False,False,True,False,True,False
qwen_qwen3.6-27b,student_high,33,Q4,5.0,True,False,True,False,True,False
qwen_qwen3.6-27b,student_high,33,Q5,5.0,True,False,False,False,True,False
qwen_qwen3.6-27b,student_high,33,Q6,5.0,True,False,False,False,True,False
qwen_qwen3.6-27b,student_high,34,Q1,5.0,True,False,False,False,True,False
qwen_qwen3.6-27b,student_high,34,Q2,5.0,True,False,True,False,True,False
qwen_qwen3.6-27b,student_high,34,Q3,5.0,False,False,True,False,True,False
qwen_qwen3.6-27b,student_high,34,Q4,5.0,True,False,True,False,True,False
qwen_qwen3.6-27b,student_high,34,Q5,5.0,True,False,False,False,True,False
qwen_qwen3.6-27b,student_high,34,Q6,5.0,True,False,False,False,True,False
qwen_qwen3.6-27b,student_high,35,Q1,5.0,True,False,True,False,True,False
qwen_qwen3.6-27b,student_high,35,Q2,5.0,True,False,True,False,True,False
qwen_qwen3.6-27b,student_high,35,Q3,5.0,False,False,False,False,True,False
qwen_qwen3.6-27b,student_high,35,Q4,5.0,True,False,True,False,True,False
qwen_qwen3.6-27b,student_high,35,Q5,5.0,False,False,False,False,True,False
qwen_qwen3.6-27b,student_high,35,Q6,5.0,True,False,True,False,True,False
qwen_qwen3.6-27b,student_high,36,Q1,5.0,True,False,False,False,True,False
qwen_qwen3.6-27b,student_high,36,Q2,5.0,True,False,True,False,True,False
qwen_qwen3.6-27b,student_high,36,Q3,5.0,False,False,True,False,True,False
qwen_qwen3.6-27b,student_high,36,Q4,5.0,True,False,False,False,True,False
qwen_qwen3.6-27b,student_high,36,Q5,5.0,True,False,False,False,True,False
qwen_qwen3.6-27b,student_high,36,Q6,5.0,True,False,False,False,True,False
qwen_qwen3.6-27b,student_high,37,Q1,5.0,True,False,False,False,True,False
qwen_qwen3.6-27b,student_high,37,Q2,5.0,True,False,False,False,True,False
qwen_qwen3.6-27b,student_high,37,Q3,5.0,False,False,True,False,True,False
qwen_qwen3.6-27b,student_high,37,Q4,5.0,True,False,False,False,True,False
qwen_qwen3.6-27b,student_high,37,Q5,5.0,True,False,False,False,True,False
qwen_qwen3.6-27b,student_high,37,Q6,5.0,True,False,False,False,True,False
qwen_qwen3.6-27b,student_high,38,Q1,5.0,True,False,True,False,True,False
qwen_qwen3.6-27b,student_high,38,Q2,5.0,True,False,True,False,True,False
qwen_qwen3.6-27b,student_high,38,Q3,5.0,False,False,False,False,True,False
qwen_qwen3.6-27b,student_high,38,Q4,5.0,True,False,True,False,True,False
qwen_qwen3.6-27b,student_high,38,Q5,5.0,False,False,False,False,True,False
qwen_qwen3.6-27b,student_high,38,Q6,5.0,True,False,True,False,True,False
qwen_qwen3.6-27b,student_high,39,Q1,5.0,True,False,False,False,True,False
qwen_qwen3.6-27b,student_high,39,Q2,5.0,True,False,True,False,True,False
qwen_qwen3.6-27b,student_high,39,Q3,5.0,False,False,True,False,True,False
qwen_qwen3.6-27b,student_high,39,Q4,5.0,True,False,False,False,True,False
qwen_qwen3.6-27b,student_high,39,Q5,5.0,True,False,False,False,True,False
qwen_qwen3.6-27b,student_high,39,Q6,5.0,True,False,False,False,True,False
qwen_qwen3.6-27b,student_high,40,Q1,5.0,True,False,False,False,True,False
qwen_qwen3.6-27b,student_high,40,Q2,5.0,True,False,False,False,True,False
qwen_qwen3.6-27b,student_high,40,Q3,5.0,False,False,True,False,True,False
qwen_qwen3.6-27b,student_high,40,Q4,5.0,True,False,False,False,True,False
qwen_qwen3.6-27b,student_high,40,Q5,5.0,True,False,False,False,True,False
qwen_qwen3.6-27b,student_high,40,Q6,5.0,True,False,False,False,True,False
qwen_qwen3.6-27b,student_high,41,Q1,5.0,True,False,False,False,True,False
qwen_qwen3.6-27b,student_high,41,Q2,5.0,True,False,True,False,True,False
qwen_qwen3.6-27b,student_high,41,Q3,5.0,False,False,True,False,True,False
qwen_qwen3.6-27b,student_high,41,Q4,5.0,True,False,False,False,True,False
qwen_qwen3.6-27b,student_high,41,Q5,5.0,True,False,False,False,True,False
qwen_qwen3.6-27b,student_high,41,Q6,5.0,True,False,False,False,True,False
qwen_qwen3.6-27b,student_high,42,Q1,5.0,True,False,False,False,True,False
qwen_qwen3.6-27b,student_high,42,Q2,5.0,True,False,False,False,True,False
qwen_qwen3.6-27b,student_high,42,Q3,5.0,False,False,True,False,True,False
qwen_qwen3.6-27b,student_high,42,Q4,5.0,True,False,True,False,True,False
qwen_qwen3.6-27b,student_high,42,Q5,5.0,True,False,False,False,True,False
qwen_qwen3.6-27b,student_high,42,Q6,5.0,True,False,False,False,True,False
qwen_qwen3.6-27b,student_high,43,Q1,5.0,True,False,False,False,True,False
qwen_qwen3.6-27b,student_high,43,Q2,5.0,True,False,False,False,True,False
qwen_qwen3.6-27b,student_high,43,Q3,5.0,False,False,True,False,True,False
qwen_qwen3.6-27b,student_high,43,Q4,5.0,True,False,False,False,True,False
qwen_qwen3.6-27b,student_high,43,Q5,5.0,True,False,False,False,True,False
qwen_qwen3.6-27b,student_high,43,Q6,5.0,True,False,False,False,True,False
qwen_qwen3.6-27b,student_high,44,Q1,5.0,True,False,False,False,True,False
qwen_qwen3.6-27b,student_high,44,Q2,5.0,True,False,True,False,True,False
qwen_qwen3.6-27b,student_high,44,Q3,5.0,False,False,True,False,True,False
qwen_qwen3.6-27b,student_high,44,Q4,5.0,True,False,False,False,True,False
qwen_qwen3.6-27b,student_high,44,Q5,5.0,True,False,False,False,True,False
qwen_qwen3.6-27b,student_high,44,Q6,5.0,True,False,False,False,True,False
qwen_qwen3.6-27b,student_high,45,Q1,5.0,True,False,False,False,True,False
qwen_qwen3.6-27b,student_high,45,Q2,5.0,True,False,True,False,True,False
qwen_qwen3.6-27b,student_high,45,Q3,5.0,False,False,True,False,True,False
qwen_qwen3.6-27b,student_high,45,Q4,5.0,True,False,False,False,True,False
qwen_qwen3.6-27b,student_high,45,Q5,5.0,True,False,False,False,True,False
qwen_qwen3.6-27b,student_high,45,Q6,5.0,True,False,False,False,True,False
qwen_qwen3.6-27b,student_high,46,Q1,5.0,True,False,False,False,True,False
qwen_qwen3.6-27b,student_high,46,Q2,5.0,True,False,True,False,True,False
qwen_qwen3.6-27b,student_high,46,Q3,5.0,False,False,True,False,True,False
qwen_qwen3.6-27b,student_high,46,Q4,5.0,True,False,False,False,True,False
qwen_qwen3.6-27b,student_high,46,Q5,5.0,True,False,False,False,True,False
qwen_qwen3.6-27b,student_high,46,Q6,5.0,True,False,False,False,True,False
qwen_qwen3.6-27b,student_high,47,Q1,5.0,True,False,False,False,True,False
qwen_qwen3.6-27b,student_high,47,Q2,5.0,True,False,True,False,True,False
qwen_qwen3.6-27b,student_high,47,Q3,5.0,False,False,True,False,True,False
qwen_qwen3.6-27b,student_high,47,Q4,5.0,True,False,False,False,True,False
qwen_qwen3.6-27b,student_high,47,Q5,5.0,True,False,False,False,True,False
qwen_qwen3.6-27b,student_high,47,Q6,5.0,True,False,False,False,True,False
qwen_qwen3.6-27b,student_high,48,Q1,5.0,True,False,False,False,True,False
qwen_qwen3.6-27b,student_high,48,Q2,5.0,True,False,True,False,True,False
qwen_qwen3.6-27b,student_high,48,Q3,5.0,False,False,True,False,True,False
qwen_qwen3.6-27b,student_high,48,Q4,5.0,True,False,True,False,True,False
qwen_qwen3.6-27b,student_high,48,Q5,5.0,False,False,False,False,True,False
qwen_qwen3.6-27b,student_high,48,Q6,5.0,True,False,True,False,True,False
qwen_qwen3.6-27b,student_high,49,Q1,5.0,True,False,False,False,True,False
qwen_qwen3.6-27b,student_high,49,Q2,5.0,True,False,True,False,True,False
qwen_qwen3.6-27b,student_high,49,Q3,5.0,False,False,True,False,True,False
qwen_qwen3.6-27b,student_high,49,Q4,5.0,True,False,True,False,True,False
qwen_qwen3.6-27b,student_high,49,Q5,5.0,True,False,False,False,True,False
qwen_qwen3.6-27b,student_high,49,Q6,5.0,True,False,True,False,True,False
qwen_qwen3.6-27b,student_high,50,Q1,5.0,True,False,False,False,True,False
qwen_qwen3.6-27b,student_high,50,Q2,5.0,True,False,True,False,True,False
qwen_qwen3.6-27b,student_high,50,Q3,5.0,False,False,True,False,True,False
qwen_qwen3.6-27b,student_high,50,Q4,5.0,True,False,True,False,True,False
qwen_qwen3.6-27b,student_high,50,Q5,5.0,False,False,False,False,True,False
qwen_qwen3.6-27b,student_high,50,Q6,5.0,True,False,False,False,True,False
qwen_qwen3.6-27b,student_low,1,Q1,4.5,True,True,False,False,True,False
qwen_qwen3.6-27b,student_low,1,Q2,5.0,True,False,True,False,True,False
qwen_qwen3.6-27b,student_low,1,Q3,0.0,True,True,False,False,True,True
qwen_qwen3.6-27b,student_low,1,Q4,4.5,True,False,True,True,True,False
qwen_qwen3.6-27b,student_low,1,Q5,2.0,False,False,True,True,True,True
qwen_qwen3.6-27b,student_low,1,Q6,5.0,True,False,False,False,True,False
qwen_qwen3.6-27b,student_low,2,Q1,4.5,True,True,False,False,True,False
qwen_qwen3.6-27b,student_low,2,Q2,4.5,True,True,True,True,True,False
qwen_qwen3.6-27b,student_low,2,Q3,0.0,False,False,True,True,False,False
qwen_qwen3.6-27b,student_low,2,Q4,5.0,True,False,True,False,True,False
qwen_qwen3.6-27b,student_low,2,Q5,2.0,True,False,True,True,True,True
qwen_qwen3.6-27b,student_low,2,Q6,5.0,True,False,False,False,True,False
qwen_qwen3.6-27b,student_low,3,Q1,4.5,True,True,False,False,True,False
qwen_qwen3.6-27b,student_low,3,Q2,4.5,True,False,True,True,True,False
qwen_qwen3.6-27b,student_low,3,Q3,0.0,False,False,True,True,False,False
qwen_qwen3.6-27b,student_low,3,Q4,5.0,True,False,True,False,True,False
qwen_qwen3.6-27b,student_low,3,Q5,2.0,True,False,True,True,True,True
qwen_qwen3.6-27b,student_low,3,Q6,5.0,True,False,False,False,True,False
qwen_qwen3.6-27b,student_low,4,Q1,4.5,True,True,False,False,True,False
qwen_qwen3.6-27b,student_low,4,Q2,4.5,True,True,False,False,True,False
qwen_qwen3.6-27b,student_low,4,Q3,0.0,False,True,True,True,False,False
qwen_qwen3.6-27b,student_low,4,Q4,5.0,True,False,True,False,True,False
qwen_qwen3.6-27b,student_low,4,Q5,2.0,True,False,True,True,True,True
qwen_qwen3.6-27b,student_low,4,Q6,5.0,True,False,False,False,True,False
qwen_qwen3.6-27b,student_low,5,Q1,4.5,True,True,False,False,True,False
qwen_qwen3.6-27b,student_low,5,Q2,4.5,False,False,True,True,True,False
qwen_qwen3.6-27b,student_low,5,Q3,0.0,False,False,True,True,True,True
qwen_qwen3.6-27b,student_low,5,Q4,5.0,True,False,True,False,True,False
qwen_qwen3.6-27b,student_low,5,Q5,2.0,True,False,True,True,True,True
qwen_qwen3.6-27b,student_low,5,Q6,5.0,True,False,False,False,True,False
qwen_qwen3.6-27b,student_low,6,Q1,4.5,True,True,False,False,True,False
qwen_qwen3.6-27b,student_low,6,Q2,5.0,True,False,True,False,True,False
qwen_qwen3.6-27b,student_low,6,Q3,0.0,False,False,True,True,True,True
qwen_qwen3.6-27b,student_low,6,Q4,4.5,True,False,True,True,True,False
qwen_qwen3.6-27b,student_low,6,Q5,2.0,True,False,True,True,True,True
qwen_qwen3.6-27b,student_low,6,Q6,5.0,True,False,False,False,True,False
qwen_qwen3.6-27b,student_low,7,Q1,4.5,True,True,False,False,True,False
qwen_qwen3.6-27b,student_low,7,Q2,4.0,True,True,True,True,True,False
qwen_qwen3.6-27b,student_low,7,Q3,0.0,False,False,True,True,False,True
qwen_qwen3.6-27b,student_low,7,Q4,4.5,True,True,True,True,True,False
qwen_qwen3.6-27b,student_low,7,Q5,2.0,True,False,True,True,True,True
qwen_qwen3.6-27b,student_low,7,Q6,5.0,True,False,False,False,True,False
qwen_qwen3.6-27b,student_low,8,Q1,4.5,True,True,False,False,True,False
qwen_qwen3.6-27b,student_low,8,Q2,5.0,True,False,True,False,True,False
qwen_qwen3.6-27b,student_low,8,Q3,0.0,False,False,True,True,False,False
qwen_qwen3.6-27b,student_low,8,Q4,4.5,True,False,True,True,True,False
qwen_qwen3.6-27b,student_low,8,Q5,2.0,True,False,True,True,True,True
qwen_qwen3.6-27b,student_low,8,Q6,5.0,True,False,False,False,True,False
qwen_qwen3.6-27b,student_low,9,Q1,4.5,True,True,True,True,True,False
qwen_qwen3.6-27b,student_low,9,Q2,4.5,False,False,True,True,True,False
qwen_qwen3.6-27b,student_low,9,Q3,0.0,False,True,True,True,False,False
qwen_qwen3.6-27b,student_low,9,Q4,5.0,True,False,True,False,True,False
qwen_qwen3.6-27b,student_low,9,Q5,2.0,True,False,True,True,True,True
qwen_qwen3.6-27b,student_low,9,Q6,5.0,True,False,False,False,True,False
qwen_qwen3.6-27b,student_low,10,Q1,4.5,True,True,False,False,True,False
qwen_qwen3.6-27b,student_low,10,Q2,4.0,True,True,True,True,True,False
qwen_qwen3.6-27b,student_low,10,Q3,0.0,False,False,True,True,True,True
qwen_qwen3.6-27b,student_low,10,Q4,5.0,True,False,True,False,True,False
qwen_qwen3.6-27b,student_low,10,Q5,2.0,True,False,True,True,True,True
qwen_qwen3.6-27b,student_low,10,Q6,5.0,True,False,False,False,True,False
qwen_qwen3.6-27b,student_low,11,Q1,4.5,True,True,False,False,True,False
qwen_qwen3.6-27b,student_low,11,Q2,5.0,True,False,True,False,True,False
qwen_qwen3.6-27b,student_low,11,Q3,0.0,False,True,True,True,False,False
qwen_qwen3.6-27b,student_low,11,Q4,4.5,True,False,True,True,True,True
qwen_qwen3.6-27b,student_low,11,Q5,2.0,True,False,True,True,True,True
qwen_qwen3.6-27b,student_low,11,Q6,5.0,True,False,False,False,True,False
qwen_qwen3.6-27b,student_low,12,Q1,4.5,True,True,False,False,True,False
qwen_qwen3.6-27b,student_low,12,Q2,5.0,True,False,True,False,True,False
qwen_qwen3.6-27b,student_low,12,Q3,0.0,False,False,True,True,False,False
qwen_qwen3.6-27b,student_low,12,Q4,4.5,True,False,True,True,True,True
qwen_qwen3.6-27b,student_low,12,Q5,2.0,True,False,True,True,True,True
qwen_qwen3.6-27b,student_low,12,Q6,5.0,True,False,False,False,True,False
qwen_qwen3.6-27b,student_low,13,Q1,4.5,True,True,False,False,True,False
qwen_qwen3.6-27b,student_low,13,Q2,5.0,True,False,True,False,True,False
qwen_qwen3.6-27b,student_low,13,Q3,0.0,False,False,True,True,False,False
qwen_qwen3.6-27b,student_low,13,Q4,4.5,True,False,True,True,True,False
qwen_qwen3.6-27b,student_low,13,Q5,2.0,True,False,True,True,True,True
qwen_qwen3.6-27b,student_low,13,Q6,5.0,True,False,False,False,True,False
qwen_qwen3.6-27b,student_low,14,Q1,4.5,True,True,False,False,True,False
qwen_qwen3.6-27b,student_low,14,Q2,5.0,True,False,True,False,True,False
qwen_qwen3.6-27b,student_low,14,Q3,0.0,False,False,True,True,True,True
qwen_qwen3.6-27b,student_low,14,Q4,4.0,True,False,True,True,False,False
qwen_qwen3.6-27b,student_low,14,Q5,2.0,False,False,True,True,True,True
qwen_qwen3.6-27b,student_low,14,Q6,5.0,True,False,False,False,True,False
qwen_qwen3.6-27b,student_low,15,Q1,4.5,True,True,False,False,True,False
qwen_qwen3.6-27b,student_low,15,Q2,4.5,False,False,True,True,True,False
qwen_qwen3.6-27b,student_low,15,Q3,0.0,False,False,True,True,True,True
qwen_qwen3.6-27b,student_low,15,Q4,5.0,True,False,True,False,True,False
qwen_qwen3.6-27b,student_low,15,Q5,2.0,True,False,True,True,True,True
qwen_qwen3.6-27b,student_low,15,Q6,5.0,True,False,False,False,True,False
qwen_qwen3.6-27b,student_low,16,Q1,4.5,True,True,False,False,True,False
qwen_qwen3.6-27b,student_low,16,Q2,5.0,True,False,True,False,True,False
qwen_qwen3.6-27b,student_low,16,Q3,0.0,False,False,True,True,False,False
qwen_qwen3.6-27b,student_low,16,Q4,4.5,True,False,True,True,True,False
qwen_qwen3.6-27b,student_low,16,Q5,2.0,True,False,True,True,True,True
qwen_qwen3.6-27b,student_low,16,Q6,5.0,True,False,False,False,True,False
qwen_qwen3.6-27b,student_low,17,Q1,4.5,True,True,False,False,True,False
qwen_qwen3.6-27b,student_low,17,Q2,4.5,True,True,True,True,True,False
qwen_qwen3.6-27b,student_low,17,Q3,0.0,False,False,True,True,False,False
qwen_qwen3.6-27b,student_low,17,Q4,5.0,True,False,True,False,True,False
qwen_qwen3.6-27b,student_low,17,Q5,2.0,True,False,True,True,True,True
qwen_qwen3.6-27b,student_low,17,Q6,5.0,True,False,False,False,True,False
qwen_qwen3.6-27b,student_low,18,Q1,4.5,True,True,True,True,True,False
qwen_qwen3.6-27b,student_low,18,Q2,5.0,True,False,True,False,True,False
qwen_qwen3.6-27b,student_low,18,Q3,0.0,False,False,True,True,False,False
qwen_qwen3.6-27b,student_low,18,Q4,4.5,True,False,True,True,True,False
qwen_qwen3.6-27b,student_low,18,Q5,2.0,True,False,True,True,True,True
qwen_qwen3.6-27b,student_low,18,Q6,5.0,True,False,False,False,True,False
qwen_qwen3.6-27b,student_low,19,Q1,4.5,True,True,False,False,True,False
qwen_qwen3.6-27b,student_low,19,Q2,4.5,True,True,True,True,True,False
qwen_qwen3.6-27b,student_low,19,Q3,0.0,False,False,True,True,False,False
qwen_qwen3.6-27b,student_low,19,Q4,5.0,True,False,True,False,True,False
qwen_qwen3.6-27b,student_low,19,Q5,2.0,True,False,True,True,True,True
qwen_qwen3.6-27b,student_low,19,Q6,5.0,True,False,False,False,True,False
qwen_qwen3.6-27b,student_low,20,Q1,4.5,True,True,False,False,True,False
qwen_qwen3.6-27b,student_low,20,Q2,5.0,True,False,True,False,True,False
qwen_qwen3.6-27b,student_low,20,Q3,0.0,False,False,True,True,False,False
qwen_qwen3.6-27b,student_low,20,Q4,4.0,True,False,True,True,False,False
qwen_qwen3.6-27b,student_low,20,Q5,2.0,True,False,True,True,True,True
qwen_qwen3.6-27b,student_low,20,Q6,5.0,True,False,False,False,True,False
qwen_qwen3.6-27b,student_low,21,Q1,4.5,True,True,False,False,True,False
qwen_qwen3.6-27b,student_low,21,Q2,4.5,True,True,True,True,True,False
qwen_qwen3.6-27b,student_low,21,Q3,0.0,False,True,True,True,False,True
qwen_qwen3.6-27b,student_low,21,Q4,5.0,True,False,True,False,True,False
qwen_qwen3.6-27b,student_low,21,Q5,2.0,True,False,True,False,True,True
qwen_qwen3.6-27b,student_low,21,Q6,5.0,True,False,False,False,True,False
qwen_qwen3.6-27b,student_low,22,Q1,4.5,True,True,False,False,True,False
qwen_qwen3.6-27b,student_low,22,Q2,4.5,False,False,True,True,True,False
qwen_qwen3.6-27b,student_low,22,Q3,0.0,False,False,True,True,False,False
qwen_qwen3.6-27b,student_low,22,Q4,5.0,True,False,True,False,True,False
qwen_qwen3.6-27b,student_low,22,Q5,2.0,True,False,True,True,True,True
qwen_qwen3.6-27b,student_low,22,Q6,5.0,True,False,False,False,True,False
qwen_qwen3.6-27b,student_low,23,Q1,4.5,True,True,False,False,True,False
qwen_qwen3.6-27b,student_low,23,Q2,4.5,False,False,True,True,True,False
qwen_qwen3.6-27b,student_low,23,Q3,0.0,False,True,True,True,False,True
qwen_qwen3.6-27b,student_low,23,Q4,5.0,True,False,True,False,True,False
qwen_qwen3.6-27b,student_low,23,Q5,2.0,True,False,True,True,True,True
qwen_qwen3.6-27b,student_low,23,Q6,5.0,True,False,False,False,True,False
qwen_qwen3.6-27b,student_low,24,Q1,4.5,True,True,False,False,True,False
qwen_qwen3.6-27b,student_low,24,Q2,5.0,True,False,True,False,True,False
qwen_qwen3.6-27b,student_low,24,Q3,0.0,False,True,True,True,False,False
qwen_qwen3.6-27b,student_low,24,Q4,4.5,True,False,True,True,True,False
qwen_qwen3.6-27b,student_low,24,Q5,2.0,True,False,True,True,True,True
qwen_qwen3.6-27b,student_low,24,Q6,5.0,True,False,False,False,True,False
qwen_qwen3.6-27b,student_low,25,Q1,4.5,True,True,False,False,True,False
qwen_qwen3.6-27b,student_low,25,Q2,4.0,True,True,True,True,True,False
qwen_qwen3.6-27b,student_low,25,Q3,0.0,False,False,True,True,False,False
qwen_qwen3.6-27b,student_low,25,Q4,4.5,True,False,True,True,True,False
qwen_qwen3.6-27b,student_low,25,Q5,1.0,True,False,True,True,True,True
qwen_qwen3.6-27b,student_low,25,Q6,5.0,True,False,False,False,True,False
qwen_qwen3.6-27b,student_low,26,Q1,4.5,True,True,False,False,True,False
qwen_qwen3.6-27b,student_low,26,Q2,5.0,True,False,True,False,True,False
qwen_qwen3.6-27b,student_low,26,Q3,0.0,False,False,True,True,False,False
qwen_qwen3.6-27b,student_low,26,Q4,4.5,True,False,True,True,True,False
qwen_qwen3.6-27b,student_low,26,Q5,2.0,True,False,True,True,True,True
qwen_qwen3.6-27b,student_low,26,Q6,5.0,True,False,False,False,True,False
qwen_qwen3.6-27b,student_low,27,Q1,4.5,True,True,False,False,True,False
qwen_qwen3.6-27b,student_low,27,Q2,5.0,True,False,True,False,True,False
qwen_qwen3.6-27b,student_low,27,Q3,0.0,True,True,False,False,True,True
qwen_qwen3.6-27b,student_low,27,Q4,4.5,True,False,True,True,True,True
qwen_qwen3.6-27b,student_low,27,Q5,2.0,True,False,True,True,True,True
qwen_qwen3.6-27b,student_low,27,Q6,5.0,True,False,False,False,True,False
qwen_qwen3.6-27b,student_low,28,Q1,4.5,True,True,False,False,True,False
qwen_qwen3.6-27b,student_low,28,Q2,4.0,True,True,True,True,True,False
qwen_qwen3.6-27b,student_low,28,Q3,0.0,False,True,True,True,False,False
qwen_qwen3.6-27b,student_low,28,Q4,5.0,True,False,True,False,True,False
qwen_qwen3.6-27b,student_low,28,Q5,2.0,True,False,True,False,True,True
qwen_qwen3.6-27b,student_low,28,Q6,5.0,True,False,False,False,True,False
qwen_qwen3.6-27b,student_low,29,Q1,4.5,True,True,False,False,True,False
qwen_qwen3.6-27b,student_low,29,Q2,5.0,True,False,True,False,True,False
qwen_qwen3.6-27b,student_low,29,Q3,0.0,False,False,True,True,False,False
qwen_qwen3.6-27b,student_low,29,Q4,4.5,True,False,True,True,True,False
qwen_qwen3.6-27b,student_low,29,Q5,2.0,True,False,True,True,True,True
qwen_qwen3.6-27b,student_low,29,Q6,5.0,True,False,False,False,True,False
qwen_qwen3.6-27b,student_low,30,Q1,4.5,True,True,False,False,True,False
qwen_qwen3.6-27b,student_low,30,Q2,4.0,True,True,True,True,True,False
qwen_qwen3.6-27b,student_low,30,Q3,0.0,False,False,True,True,True,True
qwen_qwen3.6-27b,student_low,30,Q4,5.0,True,False,True,False,True,False
qwen_qwen3.6-27b,student_low,30,Q5,2.0,True,False,True,True,True,True
qwen_qwen3.6-27b,student_low,30,Q6,5.0,True,False,False,False,True,False
qwen_qwen3.6-27b,student_low,31,Q1,4.5,True,True,False,False,True,False
qwen_qwen3.6-27b,student_low,31,Q2,5.0,True,False,True,False,True,False
qwen_qwen3.6-27b,student_low,31,Q3,0.0,False,False,True,True,False,False
qwen_qwen3.6-27b,student_low,31,Q4,4.5,True,False,True,True,True,False
qwen_qwen3.6-27b,student_low,31,Q5,2.0,True,False,False,False,True,True
qwen_qwen3.6-27b,student_low,31,Q6,5.0,True,False,False,False,True,False
qwen_qwen3.6-27b,student_low,32,Q1,4.5,True,True,False,False,True,False
qwen_qwen3.6-27b,student_low,32,Q2,4.5,True,True,False,False,True,False
qwen_qwen3.6-27b,student_low,32,Q3,0.0,False,False,True,True,True,True
qwen_qwen3.6-27b,student_low,32,Q4,5.0,True,False,True,False,True,False
qwen_qwen3.6-27b,student_low,32,Q5,2.0,True,False,True,True,True,True
qwen_qwen3.6-27b,student_low,32,Q6,5.0,True,False,False,False,True,False
qwen_qwen3.6-27b,student_low,33,Q1,4.5,True,True,False,False,True,False
qwen_qwen3.6-27b,student_low,33,Q2,4.0,True,True,True,True,True,False
qwen_qwen3.6-27b,student_low,33,Q3,0.0,False,False,True,True,False,False
qwen_qwen3.6-27b,student_low,33,Q4,5.0,True,False,True,False,True,False
qwen_qwen3.6-27b,student_low,33,Q5,2.0,True,False,False,False,True,True
qwen_qwen3.6-27b,student_low,33,Q6,5.0,True,False,False,False,True,False
qwen_qwen3.6-27b,student_low,34,Q1,4.5,True,True,False,False,True,False
qwen_qwen3.6-27b,student_low,34,Q2,4.5,True,True,True,True,True,False
qwen_qwen3.6-27b,student_low,34,Q3,0.0,False,False,True,True,False,False
qwen_qwen3.6-27b,student_low,34,Q4,5.0,True,False,True,False,True,False
qwen_qwen3.6-27b,student_low,34,Q5,2.0,True,False,True,True,True,True
qwen_qwen3.6-27b,student_low,34,Q6,5.0,True,False,False,False,True,False
qwen_qwen3.6-27b,student_low,35,Q1,4.5,True,True,False,False,True,False
qwen_qwen3.6-27b,student_low,35,Q2,5.0,True,False,True,False,True,False
qwen_qwen3.6-27b,student_low,35,Q3,0.0,False,True,True,True,False,False
qwen_qwen3.6-27b,student_low,35,Q4,4.5,True,False,True,True,True,False
qwen_qwen3.6-27b,student_low,35,Q5,2.0,False,False,True,True,True,True
qwen_qwen3.6-27b,student_low,35,Q6,5.0,True,False,False,False,True,False
qwen_qwen3.6-27b,student_low,36,Q1,4.5,True,True,False,False,True,False
qwen_qwen3.6-27b,student_low,36,Q2,4.5,True,False,True,True,True,False
qwen_qwen3.6-27b,student_low,36,Q3,0.0,False,False,True,True,False,False
qwen_qwen3.6-27b,student_low,36,Q4,5.0,True,False,True,False,True,False
qwen_qwen3.6-27b,student_low,36,Q5,2.0,True,False,True,True,True,True
qwen_qwen3.6-27b,student_low,36,Q6,5.0,True,False,False,False,True,False
qwen_qwen3.6-27b,student_low,37,Q1,4.5,True,True,False,False,True,False
qwen_qwen3.6-27b,student_low,37,Q2,5.0,True,False,True,False,True,False
qwen_qwen3.6-27b,student_low,37,Q3,0.0,False,False,True,True,False,False
qwen_qwen3.6-27b,student_low,37,Q4,4.5,True,False,True,True,True,False
qwen_qwen3.6-27b,student_low,37,Q5,2.0,True,False,True,True,True,True
qwen_qwen3.6-27b,student_low,37,Q6,5.0,True,False,False,False,True,False
qwen_qwen3.6-27b,student_low,38,Q1,4.5,True,True,False,False,True,False
qwen_qwen3.6-27b,student_low,38,Q2,5.0,True,False,True,False,True,False
qwen_qwen3.6-27b,student_low,38,Q3,0.0,False,False,True,True,False,False
qwen_qwen3.6-27b,student_low,38,Q4,4.5,True,False,True,True,True,True
qwen_qwen3.6-27b,student_low,38,Q5,2.0,False,False,True,True,True,True
qwen_qwen3.6-27b,student_low,38,Q6,5.0,True,False,False,False,True,False
qwen_qwen3.6-27b,student_low,39,Q1,4.5,True,True,False,False,True,False
qwen_qwen3.6-27b,student_low,39,Q2,4.5,True,False,True,True,True,False
qwen_qwen3.6-27b,student_low,39,Q3,0.0,False,False,True,True,False,False
qwen_qwen3.6-27b,student_low,39,Q4,5.0,True,False,True,False,True,False
qwen_qwen3.6-27b,student_low,39,Q5,2.0,True,False,True,True,True,True
qwen_qwen3.6-27b,student_low,39,Q6,5.0,True,False,False,False,True,False
qwen_qwen3.6-27b,student_low,40,Q1,4.5,True,True,False,False,True,False
qwen_qwen3.6-27b,student_low,40,Q2,4.0,True,True,True,True,True,False
qwen_qwen3.6-27b,student_low,40,Q3,0.0,False,False,True,True,False,False
qwen_qwen3.6-27b,student_low,40,Q4,5.0,True,False,True,False,True,False
qwen_qwen3.6-27b,student_low,40,Q5,2.0,True,False,True,True,True,True
qwen_qwen3.6-27b,student_low,40,Q6,5.0,True,False,False,False,True,False
qwen_qwen3.6-27b,student_low,41,Q1,4.5,True,True,True,True,True,False
qwen_qwen3.6-27b,student_low,41,Q2,4.5,True,False,True,True,True,False
qwen_qwen3.6-27b,student_low,41,Q3,0.0,False,True,True,True,False,False
qwen_qwen3.6-27b,student_low,41,Q4,5.0,True,False,True,False,True,False
qwen_qwen3.6-27b,student_low,41,Q5,2.0,True,False,True,False,True,True
qwen_qwen3.6-27b,student_low,41,Q6,5.0,True,False,False,False,True,False
qwen_qwen3.6-27b,student_low,42,Q1,4.5,True,True,False,False,True,False
qwen_qwen3.6-27b,student_low,42,Q2,5.0,True,False,True,False,True,False
qwen_qwen3.6-27b,student_low,42,Q3,0.0,False,False,True,True,False,False
qwen_qwen3.6-27b,student_low,42,Q4,4.5,True,False,True,True,True,False
qwen_qwen3.6-27b,student_low,42,Q5,2.0,True,False,True,True,True,True
qwen_qwen3.6-27b,student_low,42,Q6,5.0,True,False,False,False,True,False
qwen_qwen3.6-27b,student_low,43,Q1,4.5,True,True,False,False,True,False
qwen_qwen3.6-27b,student_low,43,Q2,5.0,True,False,True,False,True,False
qwen_qwen3.6-27b,student_low,43,Q3,0.0,False,False,True,True,False,False
qwen_qwen3.6-27b,student_low,43,Q4,4.5,True,False,True,True,True,False
qwen_qwen3.6-27b,student_low,43,Q5,2.0,True,False,True,True,True,True
qwen_qwen3.6-27b,student_low,43,Q6,5.0,True,False,False,False,True,False
qwen_qwen3.6-27b,student_low,44,Q1,4.5,True,True,False,False,True,False
qwen_qwen3.6-27b,student_low,44,Q2,5.0,True,False,True,False,True,False
qwen_qwen3.6-27b,student_low,44,Q3,0.0,False,False,True,True,False,False
qwen_qwen3.6-27b,student_low,44,Q4,4.5,True,False,True,True,True,False
qwen_qwen3.6-27b,student_low,44,Q5,2.0,True,False,True,True,True,True
qwen_qwen3.6-27b,student_low,44,Q6,5.0,True,False,False,False,True,False
qwen_qwen3.6-27b,student_low,45,Q1,4.5,True,True,False,False,True,False
qwen_qwen3.6-27b,student_low,45,Q2,4.5,True,False,True,True,True,False
qwen_qwen3.6-27b,student_low,45,Q3,0.0,False,False,True,True,True,True
qwen_qwen3.6-27b,student_low,45,Q4,5.0,True,False,True,False,True,False
qwen_qwen3.6-27b,student_low,45,Q5,2.0,True,False,True,False,True,True
qwen_qwen3.6-27b,student_low,45,Q6,5.0,True,False,False,False,True,False
qwen_qwen3.6-27b,student_low,46,Q1,4.5,True,True,False,False,True,False
qwen_qwen3.6-27b,student_low,46,Q2,5.0,True,False,True,False,True,False
qwen_qwen3.6-27b,student_low,46,Q3,0.0,False,False,True,True,True,True
qwen_qwen3.6-27b,student_low,46,Q4,4.0,True,False,True,True,True,False
qwen_qwen3.6-27b,student_low,46,Q5,2.0,True,False,True,True,True,True
qwen_qwen3.6-27b,student_low,46,Q6,5.0,True,False,False,False,True,False
qwen_qwen3.6-27b,student_low,47,Q1,4.5,True,True,False,False,True,False
qwen_qwen3.6-27b,student_low,47,Q2,5.0,True,False,True,False,True,False
qwen_qwen3.6-27b,student_low,47,Q3,0.0,False,False,True,True,False,False
qwen_qwen3.6-27b,student_low,47,Q4,4.5,True,False,True,True,True,False
qwen_qwen3.6-27b,student_low,47,Q5,2.0,True,False,True,True,True,True
qwen_qwen3.6-27b,student_low,47,Q6,5.0,True,False,False,False,True,False
qwen_qwen3.6-27b,student_low,48,Q1,4.5,True,True,False,False,True,False
qwen_qwen3.6-27b,student_low,48,Q2,4.5,True,False,True,True,True,False
qwen_qwen3.6-27b,student_low,48,Q3,0.0,False,False,True,True,False,False
qwen_qwen3.6-27b,student_low,48,Q4,5.0,True,False,True,False,True,False
qwen_qwen3.6-27b,student_low,48,Q5,2.0,True,False,True,True,True,True
qwen_qwen3.6-27b,student_low,48,Q6,5.0,True,False,False,False,True,False
qwen_qwen3.6-27b,student_low,49,Q1,4.5,True,True,False,False,True,False
qwen_qwen3.6-27b,student_low,49,Q2,5.0,True,False,True,False,True,False
qwen_qwen3.6-27b,student_low,49,Q3,0.0,False,False,True,True,False,False
qwen_qwen3.6-27b,student_low,49,Q4,4.5,True,False,True,True,True,False
qwen_qwen3.6-27b,student_low,49,Q5,2.0,True,False,True,True,True,True
qwen_qwen3.6-27b,student_low,49,Q6,5.0,True,False,False,False,True,False
qwen_qwen3.6-27b,student_low,50,Q1,4.5,True,True,False,False,True,False
qwen_qwen3.6-27b,student_low,50,Q2,4.5,True,True,False,False,True,False
qwen_qwen3.6-27b,student_low,50,Q3,0.0,False,False,True,True,False,False
qwen_qwen3.6-27b,student_low,50,Q4,5.0,True,False,True,False,True,False
qwen_qwen3.6-27b,student_low,50,Q5,2.0,True,False,True,True,True,True
qwen_qwen3.6-27b,student_low,50,Q6,5.0,True,False,False,False,True,False
qwen_qwen3.6-27b,student_mid,1,Q1,4.5,True,True,True,True,True,False
qwen_qwen3.6-27b,student_mid,1,Q2,4.0,True,True,True,True,True,False
qwen_qwen3.6-27b,student_mid,1,Q3,0.0,True,True,True,True,False,False
qwen_qwen3.6-27b,student_mid,1,Q4,5.0,True,False,True,False,True,False
qwen_qwen3.6-27b,student_mid,1,Q5,5.0,True,False,True,False,True,False
qwen_qwen3.6-27b,student_mid,1,Q6,5.0,True,False,False,False,True,False
qwen_qwen3.6-27b,student_mid,2,Q1,4.5,True,True,False,False,True,False
qwen_qwen3.6-27b,student_mid,2,Q2,4.0,True,True,True,True,True,False
qwen_qwen3.6-27b,student_mid,2,Q3,0.0,True,True,True,True,False,False
qwen_qwen3.6-27b,student_mid,2,Q4,5.0,True,False,True,False,True,False
qwen_qwen3.6-27b,student_mid,2,Q5,5.0,True,False,False,False,True,False
qwen_qwen3.6-27b,student_mid,2,Q6,5.0,True,False,False,False,True,False
qwen_qwen3.6-27b,student_mid,3,Q1,4.5,True,True,False,False,True,False
qwen_qwen3.6-27b,student_mid,3,Q2,4.0,True,True,True,True,True,False
qwen_qwen3.6-27b,student_mid,3,Q3,0.0,True,True,True,True,False,False
qwen_qwen3.6-27b,student_mid,3,Q4,4.5,True,True,True,False,True,False
qwen_qwen3.6-27b,student_mid,3,Q5,5.0,True,False,False,False,True,False
qwen_qwen3.6-27b,student_mid,3,Q6,5.0,True,False,True,False,True,False
qwen_qwen3.6-27b,student_mid,4,Q1,4.5,True,True,False,False,True,False
qwen_qwen3.6-27b,student_mid,4,Q2,4.0,True,True,True,True,True,False
qwen_qwen3.6-27b,student_mid,4,Q3,0.0,True,True,True,True,False,False
qwen_qwen3.6-27b,student_mid,4,Q4,5.0,True,False,True,False,True,False
qwen_qwen3.6-27b,student_mid,4,Q5,5.0,True,False,False,False,True,False
qwen_qwen3.6-27b,student_mid,4,Q6,5.0,True,False,False,False,True,False
qwen_qwen3.6-27b,student_mid,5,Q1,4.5,True,True,False,False,True,False
qwen_qwen3.6-27b,student_mid,5,Q2,4.0,True,True,True,True,True,False
qwen_qwen3.6-27b,student_mid,5,Q3,0.0,True,True,True,True,False,False
qwen_qwen3.6-27b,student_mid,5,Q4,5.0,True,False,True,False,True,False
qwen_qwen3.6-27b,student_mid,5,Q5,5.0,True,False,False,False,True,False
qwen_qwen3.6-27b,student_mid,5,Q6,5.0,True,False,False,False,True,False
qwen_qwen3.6-27b,student_mid,6,Q1,4.5,True,True,False,False,True,False
qwen_qwen3.6-27b,student_mid,6,Q2,4.0,True,True,True,True,True,False
qwen_qwen3.6-27b,student_mid,6,Q3,0.0,True,True,True,True,False,False
qwen_qwen3.6-27b,student_mid,6,Q4,5.0,True,False,True,False,True,False
qwen_qwen3.6-27b,student_mid,6,Q5,5.0,True,False,False,False,True,False
qwen_qwen3.6-27b,student_mid,6,Q6,5.0,True,False,False,False,True,False
qwen_qwen3.6-27b,student_mid,7,Q1,4.5,True,True,False,False,True,False
qwen_qwen3.6-27b,student_mid,7,Q2,4.0,True,True,True,True,True,False
qwen_qwen3.6-27b,student_mid,7,Q3,0.0,True,True,True,True,False,False
qwen_qwen3.6-27b,student_mid,7,Q4,5.0,True,False,True,False,True,False
qwen_qwen3.6-27b,student_mid,7,Q5,5.0,True,False,True,False,True,False
qwen_qwen3.6-27b,student_mid,7,Q6,5.0,True,False,True,False,True,False
qwen_qwen3.6-27b,student_mid,8,Q1,4.5,True,True,False,False,True,False
qwen_qwen3.6-27b,student_mid,8,Q2,4.0,True,True,True,True,True,False
qwen_qwen3.6-27b,student_mid,8,Q3,0.0,True,True,True,True,False,False
qwen_qwen3.6-27b,student_mid,8,Q4,5.0,True,False,True,False,True,False
qwen_qwen3.6-27b,student_mid,8,Q5,5.0,True,False,False,False,True,False
qwen_qwen3.6-27b,student_mid,8,Q6,5.0,True,False,False,False,True,False
qwen_qwen3.6-27b,student_mid,9,Q1,4.5,True,True,False,False,True,False
qwen_qwen3.6-27b,student_mid,9,Q2,4.0,True,True,True,True,True,False
qwen_qwen3.6-27b,student_mid,9,Q3,0.0,True,True,True,True,False,False
qwen_qwen3.6-27b,student_mid,9,Q4,5.0,True,False,True,False,True,False
qwen_qwen3.6-27b,student_mid,9,Q5,5.0,True,False,False,False,True,False
qwen_qwen3.6-27b,student_mid,9,Q6,5.0,True,False,True,False,True,False
qwen_qwen3.6-27b,student_mid,10,Q1,4.5,True,True,False,False,True,False
qwen_qwen3.6-27b,student_mid,10,Q2,3.5,True,False,True,True,True,False
qwen_qwen3.6-27b,student_mid,10,Q3,0.0,True,True,True,True,False,False
qwen_qwen3.6-27b,student_mid,10,Q4,5.0,True,False,True,False,True,False
qwen_qwen3.6-27b,student_mid,10,Q5,5.0,True,False,False,False,True,False
qwen_qwen3.6-27b,student_mid,10,Q6,5.0,True,False,True,False,True,False
qwen_qwen3.6-27b,student_mid,11,Q1,4.5,True,True,False,False,True,False
qwen_qwen3.6-27b,student_mid,11,Q2,4.0,True,True,True,True,True,False
qwen_qwen3.6-27b,student_mid,11,Q3,0.0,True,True,True,True,False,False
qwen_qwen3.6-27b,student_mid,11,Q4,4.5,True,True,True,True,True,False
qwen_qwen3.6-27b,student_mid,11,Q5,5.0,True,False,True,False,True,False
qwen_qwen3.6-27b,student_mid,11,Q6,5.0,True,False,False,False,True,False
qwen_qwen3.6-27b,student_mid,12,Q1,4.5,True,True,False,False,True,False
qwen_qwen3.6-27b,student_mid,12,Q2,4.0,True,True,True,True,True,False
qwen_qwen3.6-27b,student_mid,12,Q3,0.0,True,True,True,True,False,False
qwen_qwen3.6-27b,student_mid,12,Q4,5.0,True,False,True,False,True,False
qwen_qwen3.6-27b,student_mid,12,Q5,5.0,True,False,False,False,True,False
qwen_qwen3.6-27b,student_mid,12,Q6,5.0,True,False,True,False,True,False
qwen_qwen3.6-27b,student_mid,13,Q1,4.5,True,True,False,False,True,False
qwen_qwen3.6-27b,student_mid,13,Q2,4.0,True,True,True,True,True,False
qwen_qwen3.6-27b,student_mid,13,Q3,0.0,True,True,True,True,False,False
qwen_qwen3.6-27b,student_mid,13,Q4,5.0,True,False,True,False,True,False
qwen_qwen3.6-27b,student_mid,13,Q5,5.0,True,False,False,False,True,False
qwen_qwen3.6-27b,student_mid,13,Q6,5.0,True,False,False,False,True,False
qwen_qwen3.6-27b,student_mid,14,Q1,4.5,True,True,False,False,True,False
qwen_qwen3.6-27b,student_mid,14,Q2,4.0,True,True,True,True,True,False
qwen_qwen3.6-27b,student_mid,14,Q3,0.0,True,True,True,True,False,False
qwen_qwen3.6-27b,student_mid,14,Q4,5.0,True,False,True,False,True,False
qwen_qwen3.6-27b,student_mid,14,Q5,5.0,True,False,False,False,True,False
qwen_qwen3.6-27b,student_mid,14,Q6,5.0,True,False,True,False,True,False
qwen_qwen3.6-27b,student_mid,15,Q1,4.5,True,True,False,False,True,False
qwen_qwen3.6-27b,student_mid,15,Q2,4.0,True,True,True,True,True,False
qwen_qwen3.6-27b,student_mid,15,Q3,0.0,True,True,True,True,False,False
qwen_qwen3.6-27b,student_mid,15,Q4,5.0,True,False,True,False,True,False
qwen_qwen3.6-27b,student_mid,15,Q5,5.0,True,False,False,False,True,False
qwen_qwen3.6-27b,student_mid,15,Q6,5.0,True,False,False,False,True,False
qwen_qwen3.6-27b,student_mid,16,Q1,4.5,True,True,False,False,True,False
qwen_qwen3.6-27b,student_mid,16,Q2,4.0,True,True,True,True,True,False
qwen_qwen3.6-27b,student_mid,16,Q3,0.0,True,True,True,True,False,False
qwen_qwen3.6-27b,student_mid,16,Q4,5.0,True,False,True,False,True,False
qwen_qwen3.6-27b,student_mid,16,Q5,5.0,True,False,False,False,True,False
qwen_qwen3.6-27b,student_mid,16,Q6,5.0,True,False,False,False,True,False
qwen_qwen3.6-27b,student_mid,17,Q1,4.5,True,True,False,False,True,False
qwen_qwen3.6-27b,student_mid,17,Q2,4.0,True,True,True,True,True,False
qwen_qwen3.6-27b,student_mid,17,Q3,0.0,True,True,True,True,False,False
qwen_qwen3.6-27b,student_mid,17,Q4,5.0,True,False,True,False,True,False
qwen_qwen3.6-27b,student_mid,17,Q5,5.0,True,False,False,False,True,False
qwen_qwen3.6-27b,student_mid,17,Q6,5.0,True,False,False,False,True,False
qwen_qwen3.6-27b,student_mid,18,Q1,4.5,True,True,False,False,True,False
qwen_qwen3.6-27b,student_mid,18,Q2,4.0,True,True,True,True,True,False
qwen_qwen3.6-27b,student_mid,18,Q3,0.0,True,True,True,True,False,False
qwen_qwen3.6-27b,student_mid,18,Q4,5.0,True,False,True,False,True,False
qwen_qwen3.6-27b,student_mid,18,Q5,5.0,True,False,False,False,True,False
qwen_qwen3.6-27b,student_mid,18,Q6,5.0,True,False,False,False,True,False
qwen_qwen3.6-27b,student_mid,19,Q1,4.5,True,True,False,False,True,False
qwen_qwen3.6-27b,student_mid,19,Q2,4.0,True,True,True,True,True,False
qwen_qwen3.6-27b,student_mid,19,Q3,0.0,True,True,True,True,False,False
qwen_qwen3.6-27b,student_mid,19,Q4,5.0,True,False,True,False,True,False
qwen_qwen3.6-27b,student_mid,19,Q5,5.0,True,False,False,False,True,False
qwen_qwen3.6-27b,student_mid,19,Q6,5.0,True,False,False,False,True,False
qwen_qwen3.6-27b,student_mid,20,Q1,4.5,True,True,False,False,True,False
qwen_qwen3.6-27b,student_mid,20,Q2,4.0,True,True,True,True,True,False
qwen_qwen3.6-27b,student_mid,20,Q3,0.0,True,True,True,True,False,False
qwen_qwen3.6-27b,student_mid,20,Q4,5.0,True,False,True,False,True,False
qwen_qwen3.6-27b,student_mid,20,Q5,5.0,True,False,False,False,True,False
qwen_qwen3.6-27b,student_mid,20,Q6,5.0,True,False,False,False,True,False
qwen_qwen3.6-27b,student_mid,21,Q1,4.5,True,True,False,False,True,False
qwen_qwen3.6-27b,student_mid,21,Q2,4.0,True,True,True,True,True,False
qwen_qwen3.6-27b,student_mid,21,Q3,0.0,True,True,True,True,False,False
qwen_qwen3.6-27b,student_mid,21,Q4,5.0,True,False,True,False,True,False
qwen_qwen3.6-27b,student_mid,21,Q5,5.0,True,False,False,False,True,False
qwen_qwen3.6-27b,student_mid,21,Q6,5.0,True,False,False,False,True,False
qwen_qwen3.6-27b,student_mid,22,Q1,4.5,True,True,False,False,True,False
qwen_qwen3.6-27b,student_mid,22,Q2,3.5,True,True,True,True,True,False
qwen_qwen3.6-27b,student_mid,22,Q3,0.0,True,True,True,True,False,False
qwen_qwen3.6-27b,student_mid,22,Q4,4.5,True,False,True,True,True,True
qwen_qwen3.6-27b,student_mid,22,Q5,5.0,True,False,True,False,True,False
qwen_qwen3.6-27b,student_mid,22,Q6,5.0,True,False,True,False,True,False
qwen_qwen3.6-27b,student_mid,23,Q1,4.5,True,True,False,False,True,False
qwen_qwen3.6-27b,student_mid,23,Q2,4.0,True,False,True,True,True,False
qwen_qwen3.6-27b,student_mid,23,Q3,0.0,True,True,True,True,False,False
qwen_qwen3.6-27b,student_mid,23,Q4,5.0,True,False,True,False,True,False
qwen_qwen3.6-27b,student_mid,23,Q5,5.0,True,False,True,False,True,False
qwen_qwen3.6-27b,student_mid,23,Q6,5.0,True,False,False,False,True,False
qwen_qwen3.6-27b,student_mid,24,Q1,4.5,True,True,False,False,True,False
qwen_qwen3.6-27b,student_mid,24,Q2,3.5,True,True,True,True,True,False
qwen_qwen3.6-27b,student_mid,24,Q3,0.0,True,True,True,True,False,False
qwen_qwen3.6-27b,student_mid,24,Q4,4.5,True,False,True,True,True,False
qwen_qwen3.6-27b,student_mid,24,Q5,5.0,True,False,True,False,True,False
qwen_qwen3.6-27b,student_mid,24,Q6,5.0,True,False,False,False,True,False
qwen_qwen3.6-27b,student_mid,25,Q1,4.5,True,True,False,False,True,False
qwen_qwen3.6-27b,student_mid,25,Q2,4.0,True,True,True,True,True,False
qwen_qwen3.6-27b,student_mid,25,Q3,0.0,True,True,True,True,False,False
qwen_qwen3.6-27b,student_mid,25,Q4,4.5,True,True,True,False,True,False
qwen_qwen3.6-27b,student_mid,25,Q5,5.0,True,False,True,False,True,False
qwen_qwen3.6-27b,student_mid,25,Q6,5.0,True,False,True,False,True,False
qwen_qwen3.6-27b,student_mid,26,Q1,4.5,True,True,False,False,True,False
qwen_qwen3.6-27b,student_mid,26,Q2,4.0,True,True,True,True,True,False
qwen_qwen3.6-27b,student_mid,26,Q3,0.0,True,True,True,True,False,False
qwen_qwen3.6-27b,student_mid,26,Q4,5.0,True,False,True,False,True,False
qwen_qwen3.6-27b,student_mid,26,Q5,5.0,True,False,False,False,True,False
qwen_qwen3.6-27b,student_mid,26,Q6,5.0,True,False,False,False,True,False
qwen_qwen3.6-27b,student_mid,27,Q1,4.5,True,True,False,False,True,False
qwen_qwen3.6-27b,student_mid,27,Q2,4.0,True,True,True,True,True,False
qwen_qwen3.6-27b,student_mid,27,Q3,0.0,True,True,True,True,False,False
qwen_qwen3.6-27b,student_mid,27,Q4,5.0,True,False,True,False,True,False
qwen_qwen3.6-27b,student_mid,27,Q5,5.0,True,False,False,False,True,False
qwen_qwen3.6-27b,student_mid,27,Q6,5.0,True,False,False,False,True,False
qwen_qwen3.6-27b,student_mid,28,Q1,4.5,True,True,False,False,True,False
qwen_qwen3.6-27b,student_mid,28,Q2,4.0,True,True,True,True,True,False
qwen_qwen3.6-27b,student_mid,28,Q3,0.0,True,True,True,True,False,False
qwen_qwen3.6-27b,student_mid,28,Q4,5.0,True,False,True,False,True,False
qwen_qwen3.6-27b,student_mid,28,Q5,5.0,True,False,False,False,True,False
qwen_qwen3.6-27b,student_mid,28,Q6,5.0,True,False,True,False,True,False
qwen_qwen3.6-27b,student_mid,29,Q1,4.5,True,True,False,False,True,False
qwen_qwen3.6-27b,student_mid,29,Q2,4.0,True,True,True,True,True,False
qwen_qwen3.6-27b,student_mid,29,Q3,0.0,True,True,True,True,False,False
qwen_qwen3.6-27b,student_mid,29,Q4,5.0,True,False,True,False,True,False
qwen_qwen3.6-27b,student_mid,29,Q5,5.0,False,False,False,False,True,False
qwen_qwen3.6-27b,student_mid,29,Q6,5.0,True,False,False,False,True,False
qwen_qwen3.6-27b,student_mid,30,Q1,4.5,True,True,False,False,True,False
qwen_qwen3.6-27b,student_mid,30,Q2,4.0,True,True,True,True,True,False
qwen_qwen3.6-27b,student_mid,30,Q3,0.0,True,True,True,True,False,False
qwen_qwen3.6-27b,student_mid,30,Q4,5.0,True,False,True,False,True,False
qwen_qwen3.6-27b,student_mid,30,Q5,5.0,True,False,False,False,True,False
qwen_qwen3.6-27b,student_mid,30,Q6,5.0,True,False,False,False,True,False
qwen_qwen3.6-27b,student_mid,31,Q1,4.5,True,True,False,False,True,False
qwen_qwen3.6-27b,student_mid,31,Q2,4.0,True,True,True,True,True,False
qwen_qwen3.6-27b,student_mid,31,Q3,0.0,True,True,True,True,False,False
qwen_qwen3.6-27b,student_mid,31,Q4,5.0,True,False,True,False,True,False
qwen_qwen3.6-27b,student_mid,31,Q5,5.0,True,False,False,False,True,False
qwen_qwen3.6-27b,student_mid,31,Q6,5.0,True,False,True,False,True,False
qwen_qwen3.6-27b,student_mid,32,Q1,4.5,True,True,False,False,True,False
qwen_qwen3.6-27b,student_mid,32,Q2,4.0,True,True,True,True,True,False
qwen_qwen3.6-27b,student_mid,32,Q3,0.0,True,True,True,True,False,False
qwen_qwen3.6-27b,student_mid,32,Q4,5.0,True,False,True,False,True,False
qwen_qwen3.6-27b,student_mid,32,Q5,5.0,True,False,False,False,True,False
qwen_qwen3.6-27b,student_mid,32,Q6,5.0,True,False,False,False,True,False
qwen_qwen3.6-27b,student_mid,33,Q1,4.5,True,True,False,False,True,False
qwen_qwen3.6-27b,student_mid,33,Q2,3.5,True,True,True,True,True,False
qwen_qwen3.6-27b,student_mid,33,Q3,0.0,True,True,True,True,False,False
qwen_qwen3.6-27b,student_mid,33,Q4,5.0,True,False,True,False,True,False
qwen_qwen3.6-27b,student_mid,33,Q5,5.0,True,False,False,False,True,False
qwen_qwen3.6-27b,student_mid,33,Q6,5.0,True,False,True,False,True,False
qwen_qwen3.6-27b,student_mid,34,Q1,4.5,True,True,False,False,True,False
qwen_qwen3.6-27b,student_mid,34,Q2,4.0,True,True,True,True,True,False
qwen_qwen3.6-27b,student_mid,34,Q3,0.0,True,True,True,True,False,False
qwen_qwen3.6-27b,student_mid,34,Q4,5.0,True,False,True,False,True,False
qwen_qwen3.6-27b,student_mid,34,Q5,5.0,False,False,False,False,True,False
qwen_qwen3.6-27b,student_mid,34,Q6,5.0,True,False,False,False,True,False
qwen_qwen3.6-27b,student_mid,35,Q1,4.5,True,True,False,False,True,False
qwen_qwen3.6-27b,student_mid,35,Q2,4.0,True,True,True,True,True,False
qwen_qwen3.6-27b,student_mid,35,Q3,0.0,True,True,True,True,False,False
qwen_qwen3.6-27b,student_mid,35,Q4,5.0,True,False,True,False,True,False
qwen_qwen3.6-27b,student_mid,35,Q5,5.0,True,False,False,False,True,False
qwen_qwen3.6-27b,student_mid,35,Q6,5.0,True,False,False,False,True,False
qwen_qwen3.6-27b,student_mid,36,Q1,4.5,True,True,False,False,True,False
qwen_qwen3.6-27b,student_mid,36,Q2,4.0,True,True,True,True,True,False
qwen_qwen3.6-27b,student_mid,36,Q3,0.0,True,True,True,True,False,False
qwen_qwen3.6-27b,student_mid,36,Q4,5.0,True,False,True,False,True,False
qwen_qwen3.6-27b,student_mid,36,Q5,5.0,True,False,False,False,True,False
qwen_qwen3.6-27b,student_mid,36,Q6,5.0,True,False,False,False,True,False
qwen_qwen3.6-27b,student_mid,37,Q1,4.5,True,True,False,False,True,False
qwen_qwen3.6-27b,student_mid,37,Q2,4.0,True,True,True,True,True,False
qwen_qwen3.6-27b,student_mid,37,Q3,0.0,True,True,True,True,False,False
qwen_qwen3.6-27b,student_mid,37,Q4,5.0,True,False,True,False,True,False
qwen_qwen3.6-27b,student_mid,37,Q5,5.0,True,False,False,False,True,False
qwen_qwen3.6-27b,student_mid,37,Q6,5.0,True,False,False,False,True,False
qwen_qwen3.6-27b,student_mid,38,Q1,4.5,True,True,False,False,True,False
qwen_qwen3.6-27b,student_mid,38,Q2,4.0,True,True,True,True,True,False
qwen_qwen3.6-27b,student_mid,38,Q3,0.0,True,True,True,True,False,False
qwen_qwen3.6-27b,student_mid,38,Q4,5.0,True,False,True,False,True,False
qwen_qwen3.6-27b,student_mid,38,Q5,5.0,True,False,False,False,True,False
qwen_qwen3.6-27b,student_mid,38,Q6,5.0,True,False,False,False,True,False
qwen_qwen3.6-27b,student_mid,39,Q1,4.5,True,True,False,False,True,False
qwen_qwen3.6-27b,student_mid,39,Q2,4.0,True,False,True,True,True,False
qwen_qwen3.6-27b,student_mid,39,Q3,0.0,True,True,True,True,False,False
qwen_qwen3.6-27b,student_mid,39,Q4,5.0,True,False,True,False,True,False
qwen_qwen3.6-27b,student_mid,39,Q5,5.0,True,False,True,False,True,False
qwen_qwen3.6-27b,student_mid,39,Q6,5.0,True,False,True,False,True,False
qwen_qwen3.6-27b,student_mid,40,Q1,4.5,True,True,False,False,True,False
qwen_qwen3.6-27b,student_mid,40,Q2,4.0,True,True,True,True,True,False
qwen_qwen3.6-27b,student_mid,40,Q3,0.0,True,True,True,True,False,False
qwen_qwen3.6-27b,student_mid,40,Q4,4.5,True,True,True,True,True,False
qwen_qwen3.6-27b,student_mid,40,Q5,5.0,True,False,True,False,True,False
qwen_qwen3.6-27b,student_mid,40,Q6,5.0,True,False,True,False,True,False
qwen_qwen3.6-27b,student_mid,41,Q1,4.5,True,True,False,False,True,False
qwen_qwen3.6-27b,student_mid,41,Q2,3.5,True,False,True,True,True,False
qwen_qwen3.6-27b,student_mid,41,Q3,0.0,True,True,True,True,False,False
qwen_qwen3.6-27b,student_mid,41,Q4,5.0,True,False,True,False,True,False
qwen_qwen3.6-27b,student_mid,41,Q5,5.0,True,False,False,False,True,False
qwen_qwen3.6-27b,student_mid,41,Q6,5.0,True,False,True,False,True,False
qwen_qwen3.6-27b,student_mid,42,Q1,4.5,True,True,False,False,True,False
qwen_qwen3.6-27b,student_mid,42,Q2,4.0,True,True,True,True,True,False
qwen_qwen3.6-27b,student_mid,42,Q3,0.0,True,True,True,True,False,False
qwen_qwen3.6-27b,student_mid,42,Q4,5.0,True,False,True,False,True,False
qwen_qwen3.6-27b,student_mid,42,Q5,5.0,True,False,True,False,True,False
qwen_qwen3.6-27b,student_mid,42,Q6,5.0,True,False,True,False,True,False
qwen_qwen3.6-27b,student_mid,43,Q1,4.5,True,True,False,False,True,False
qwen_qwen3.6-27b,student_mid,43,Q2,4.0,True,True,True,True,True,False
qwen_qwen3.6-27b,student_mid,43,Q3,0.0,True,True,True,True,False,False
qwen_qwen3.6-27b,student_mid,43,Q4,5.0,True,False,True,False,True,False
qwen_qwen3.6-27b,student_mid,43,Q5,5.0,True,True,False,False,True,False
qwen_qwen3.6-27b,student_mid,43,Q6,5.0,True,False,False,False,True,False
qwen_qwen3.6-27b,student_mid,44,Q1,4.5,True,True,False,False,True,False
qwen_qwen3.6-27b,student_mid,44,Q2,4.0,True,True,True,True,True,False
qwen_qwen3.6-27b,student_mid,44,Q3,0.0,True,True,True,True,False,False
qwen_qwen3.6-27b,student_mid,44,Q4,5.0,True,False,True,False,True,False
qwen_qwen3.6-27b,student_mid,44,Q5,5.0,True,False,False,False,True,False
qwen_qwen3.6-27b,student_mid,44,Q6,5.0,True,False,False,False,True,False
qwen_qwen3.6-27b,student_mid,45,Q1,4.5,True,True,False,False,True,False
qwen_qwen3.6-27b,student_mid,45,Q2,3.5,True,True,True,True,False,False
qwen_qwen3.6-27b,student_mid,45,Q3,0.0,True,True,True,True,False,False
qwen_qwen3.6-27b,student_mid,45,Q4,4.5,True,True,True,False,True,True
qwen_qwen3.6-27b,student_mid,45,Q5,5.0,True,False,False,False,True,False
qwen_qwen3.6-27b,student_mid,45,Q6,5.0,True,False,True,False,True,False
qwen_qwen3.6-27b,student_mid,46,Q1,4.5,True,True,False,False,True,False
qwen_qwen3.6-27b,student_mid,46,Q2,4.0,True,True,True,True,True,False
qwen_qwen3.6-27b,student_mid,46,Q3,0.0,True,True,True,True,False,False
qwen_qwen3.6-27b,student_mid,46,Q4,5.0,True,False,True,False,True,False
qwen_qwen3.6-27b,student_mid,46,Q5,5.0,True,False,False,False,True,False
qwen_qwen3.6-27b,student_mid,46,Q6,5.0,True,False,True,False,True,False
qwen_qwen3.6-27b,student_mid,47,Q1,4.5,True,True,False,False,True,False
qwen_qwen3.6-27b,student_mid,47,Q2,4.0,True,True,True,True,True,False
qwen_qwen3.6-27b,student_mid,47,Q3,0.0,True,True,True,True,False,False
qwen_qwen3.6-27b,student_mid,47,Q4,5.0,True,False,True,False,True,False
qwen_qwen3.6-27b,student_mid,47,Q5,5.0,True,False,False,False,True,False
qwen_qwen3.6-27b,student_mid,47,Q6,5.0,True,False,False,False,True,False
qwen_qwen3.6-27b,student_mid,48,Q1,4.5,True,True,False,False,True,False
qwen_qwen3.6-27b,student_mid,48,Q2,4.0,True,True,True,True,True,False
qwen_qwen3.6-27b,student_mid,48,Q3,0.0,True,True,True,True,False,False
qwen_qwen3.6-27b,student_mid,48,Q4,5.0,True,False,True,False,True,False
qwen_qwen3.6-27b,student_mid,48,Q5,5.0,True,False,False,False,True,False
qwen_qwen3.6-27b,student_mid,48,Q6,5.0,True,False,False,False,True,False
qwen_qwen3.6-27b,student_mid,49,Q1,4.5,True,True,False,False,True,False
qwen_qwen3.6-27b,student_mid,49,Q2,4.0,True,True,True,True,True,False
qwen_qwen3.6-27b,student_mid,49,Q3,0.0,True,True,True,True,False,False
qwen_qwen3.6-27b,student_mid,49,Q4,5.0,True,False,True,False,True,False
qwen_qwen3.6-27b,student_mid,49,Q5,5.0,True,False,False,False,True,False
qwen_qwen3.6-27b,student_mid,49,Q6,5.0,True,False,False,False,True,False
qwen_qwen3.6-27b,student_mid,50,Q1,4.5,True,True,False,False,True,False
qwen_qwen3.6-27b,student_mid,50,Q2,4.0,True,True,True,True,True,False
qwen_qwen3.6-27b,student_mid,50,Q3,0.0,True,True,True,True,False,False
qwen_qwen3.6-27b,student_mid,50,Q4,5.0,True,False,True,False,True,False
qwen_qwen3.6-27b,student_mid,50,Q5,5.0,True,False,False,False,True,False
qwen_qwen3.6-27b,student_mid,50,Q6,5.0,True,False,False,False,True,False
