Run,Total,OverallComment,Q1,Q2,Q3,Q4,Q5,Q6,Q7,Q8,Q9,Q10,Q1_feedback,Q2_feedback,Q3_feedback,Q4_feedback,Q5_feedback,Q6_feedback,Q7_feedback,Q8_feedback,Q9_feedback,Q10_feedback
1,30,"Exercises 1–6 are fully and correctly completed, with appropriate code structure and clear interpretations that align with the solution template. There are no additional exercises beyond 6 in this lab, so Q7 and Q8 are not applicable. Overall, this is a strong submission demonstrating correct use of Markov chains, MH sampling, and covariance calculations.",5,5,5,5,5,5,0,0,,,"You correctly defined P, used %^% to get P6, and summed the non-churn states; the probability (~75%) is accurate. Using the row of P6 instead of vector–matrix products is fine and should execute.","You built the correct 2x2 transition matrix, formed A as t(I−P) with a constraint row, solved with qr.solve, and verified pi %*% P and sum(pi). The steady-state subscriber probability (~23%) is correct.","All four MH acceptance cases are handled with the correct Poisson ratios and proposal terms, and you state the final min(1, ·) forms as required. The reasoning is clear and matches the target formulas.","You implemented a valid MH sampler with set.seed, runif-based proposals and accept/reject using alpha, stored 2000 samples, and compared sample quantiles to qpois. The workflow and output structure meet the requirements.","You used matrix multiplication with the initial vector and P (and P^20) to get 1-year, 2-year, and 20-year outcomes. The reported paid-in-full percentages for good (~76.5%) and risky (~19.6%) loans are correct.","You reproduced the full tibble/map/unnest pipeline, using rnorm, lead, map_vec, and the double-sum formula alongside the traditional covariance. Your explanation correctly notes that the two covariances are (up to rounding) identical.",There is no Exercise 7 in the provided lab; no work to grade.,There is no Exercise 8 in the provided lab; no work to grade.,,
2,30,"Exercises 1–6 are fully and correctly completed, with appropriate code structure and clear interpretation in markdown. The Markov chain, MH sampling, and covariance tasks all follow the intended workflows and yield correct results. There are no additional exercises beyond 6 in this lab, so the effective score is a full 30/30.",5,5,5,5,5,5,0,0,,,"Transition matrix, use of %^% to get P^6, and summing non-churn states are all correct; the reported probability (~74.85%) is accurate and the workflow is clear.","You correctly built the 2x2 transition matrix, formed A as t(I−P) with a constraint row, solved with qr.solve, and verified both πP=π and sum(π)=1; the steady-state subscriber percent (~23.1%) is correct.","All four MH acceptance cases are handled with the correct Poisson ratios and proposal terms, yielding the expected min(1,·) formulas; the reasoning is concise but complete.","Your MH sampler uses the correct proposal logic, alpha function, and loop structure, and you compare sample and theoretical quantiles using quantile() and qpois(); the output structure matches the rubric intent.",You correctly compute 1-year and 2-year portfolio compositions and use P%^%20 to obtain long-run paid-up probabilities for good and risky loans; the reported percentages (≈76.5% and 19.6%) are accurate.,"The code follows the provided pattern with set.seed, rnorm, purrr::map, lead, and unnest to compute both covariance formulas across sample sizes, and your markdown correctly notes they agree up to tiny numerical differences.",There is no Exercise 7 in the provided lab; no work to grade.,There is no Exercise 8 in the provided lab; no work to grade.,,
3,30,"Exercises 1–6 are fully and correctly completed, with appropriate use of Markov chain matrix operations, MH sampling, and covariance calculations. Code and reasoning closely follow the intended workflows, and numeric interpretations are accurate. There are no submissions for Q7–Q8, which are not part of this lab’s tasks but appear in the rubric structure.",5,5,5,5,5,5,0,0,,,"Correct transition matrix, use of %^% to get P^6, and summing non-churn states; numeric answer (~74.85%) is appropriate and workflow is sound.","Correct 2x2 transition matrix, proper construction of A and b, use of qr.solve, and verification of pi%*%P and sum(pi); steady-state subscriber percent is correctly interpreted.","All four MH acceptance cases are derived with the correct Poisson ratios and proposal terms, leading to the expected min(1,·) formulas; reasoning is clear and complete.","Implements MH sampler with correct proposal logic and alpha use, runs 2000 iterations, and compares sample quantiles to qpois; code structure and comparison output match the expected process.","Uses correct initial state and %*% for 1- and 2-year compositions, and P%^%20 to obtain long-run outcomes for good and risky loans; reported percentages align with expected values.","Uses set.seed, rnorm, purrr::map, dplyr::lead, and tidyr::unnest as specified to compute both covariance formulas across sample sizes, and correctly notes they agree up to numerical error.",No Q7 exercise is present in this lab; counted as 0 by rubric structure.,No Q8 exercise is present in this lab; counted as 0 by rubric structure.,,
4,30,"All six exercises present in the lab are completed with correct code and reasoning that closely follow the intended workflows, and the numerical interpretations are appropriate. There are no execution or process issues evident in your .qmd. Nice work demonstrating both Markov chain and Monte Carlo concepts.",5,5,5,5,5,5,0,0,,,"Transition matrix, use of %^% to get P^6, and summing non-churn states are all correct; the reported probability (~74.85%) is accurate and the workflow is clear.","You correctly built the 2x2 transition matrix, formed A as t(I−P) with a constraint row, solved with qr.solve, and verified both πP=π and sum(π)=1; the steady-state subscriber probability (~23%) is correct.","All four MH acceptance cases are derived correctly with the appropriate Poisson ratios and proposal terms, and the final min(1,·) forms match the target expressions.","Your MH implementation uses the given alpha(), a for-loop with runif proposals and accept/reject, and then compares sample and theoretical quantiles via quantile() and qpois(); the structure and expected output are correct.","You correctly use matrix multiplication and P%^%k to get 1-year, 2-year, and 20-year results, and the reported 20-year paid-in-full percentages for good and risky loans (~76.5% and ~19.6%) are accurate.","The code follows the intended workflow with set.seed, rnorm data generation, purrr::map over T, and unnesting; cov and alt_cov are computed correctly and your explanation notes they agree up to tiny numerical differences.",There is no Exercise 7 in the provided lab; no work to grade.,There is no Exercise 8 in the provided lab; no work to grade.,,
5,30,"Exercises 1–6 are all completed with correct code, appropriate use of the required functions, and accurate interpretations. The Markov chain, MH sampling, and covariance tasks all follow the intended workflows closely. There are no substantive issues to correct.",5,5,5,5,5,5,0,0,,,"You correctly defined P, used %^% to get P6, and summed the non-churn states; the reported probability (~74.85%) is accurate. Nice clear workflow and executable code.","You built the correct 2x2 transition matrix, formed A as t(I−P) with a constraint row, solved with qr.solve, and checked pi%*%P and sum(pi). The steady-state subscriber probability (~23.1%) is correct.","All four MH acceptance cases are handled, with the correct Poisson ratios and proposal terms, leading to the correct min(1,·) formulas. The reasoning is concise but complete.","Your MH sampler uses set.seed, a for-loop with runif for proposals and acceptance, and the provided alpha function, then compares sample and theoretical quantiles via quantile and qpois. The structure and expected output are correct.","You used matrix multiplication with the initial state and P (and P%^%20) to get 1-year, 2-year, and 20-year outcomes. The reported 76.5% (good) and 19.6% (risky) paid-in-full probabilities match the expected results.","You followed the provided workflow: created the tibble of T values, used purrr::map to generate data and compute cov and alt_cov, and unnested the results. Your interpretation correctly notes that the two covariance calculations are essentially identical.",There is no Exercise 7 in the provided lab; no work to grade.,There is no Exercise 8 in the provided lab; no work to grade.,,
6,30,"All six exercises that exist in this lab are completed with correct code and clear reasoning, closely matching the solution workflow and expected results. The Markov chain, MH sampling, and covariance tasks are all handled accurately. There are no substantive issues to correct.",5,5,5,5,5,5,0,0,,,"Transition matrix, use of %^% for P^6, and summing non-churn states are all correct; the reported probability (~74.85%) is accurate and the workflow is clear.","You correctly built the 2x2 transition matrix, formed A as t(I−P) with a constraint row, solved with qr.solve, and verified both πP=π and sum(π)=1; the steady-state subscriber percentage is correctly interpreted.","All four MH acceptance cases are handled with the correct Poisson ratios and proposal terms, leading to the expected min(1,·) formulas; the reasoning is concise but complete.","The MH sampler is implemented correctly with proposal and acceptance using alpha, runs for 2000 iterations, and you compare sample and theoretical quantiles using quantile and qpois; the structure and outputs match the intended process.","You use matrix multiplication and P%^%k appropriately to get 1-year, 2-year, and 20-year results, and correctly extract and interpret the long-run paid-in-full percentages for good and risky loans.","The code follows the provided pattern with set.seed, rnorm, purrr::map, lead, and unnest to compute both covariance formulas across sample sizes, and your written comparison correctly notes they agree up to tiny numerical differences.","There is no Exercise 7 in this lab, so no work to grade.","There is no Exercise 8 in this lab, so no work to grade.",,
7,30,"Exercises 1–6 are all completed with correct code structure, appropriate use of functions, and accurate interpretations. The Markov chain, MH sampling, and covariance tasks closely follow the intended workflows. There are no additional exercises beyond 6 in this lab, so Q7 and Q8 remain ungraded placeholders.",5,5,5,5,5,5,0,0,,,"Transition matrix, P^6 via %^%, and summing non-churn states are all implemented correctly; the reported probability (~74.85%) is accurate.","You correctly built the 2x2 transition matrix, formed A and b, solved for pi with qr.solve, and verified both pi %*% P and sum(pi); the steady-state subscriber probability (~23%) is correct.","All four MH acceptance cases are derived with the correct Poisson ratios and proposal terms, and the final min(1, ·) forms match the expected expressions.","The MH sampler uses the correct proposal logic, alpha function, and loop structure, and you compare sample and theoretical quantiles using quantile() and qpois() as required.","You use matrix multiplication and P%^%20 appropriately to get 1-year, 2-year, and 20-year outcomes; the reported paid-in-full percentages for good and risky loans match the expected values.","The simulation uses set.seed, rnorm, purrr::map, dplyr::lead, and tidyr::unnest correctly to compute both covariance formulas, and your interpretation correctly notes they agree up to numerical error.",There is no Exercise 7 in the provided lab; no work to grade.,There is no Exercise 8 in the provided lab; no work to grade.,,
8,30,"All six implemented exercises are complete, follow the required workflows, and produce correct interpretations and results. There are no apparent coding or conceptual issues; this is a strong submission.",5,5,5,5,5,5,0,0,,,"Transition matrix, P^6 via %^%, and summing non-churn states are all implemented correctly; the reported probability (~74.85%) is accurate.","You correctly built the 2x2 transition matrix, formed A and b, solved for pi with qr.solve, and verified both pi %*% P and sum(pi); the steady-state subscriber probability (~23%) is correct.","All four MH acceptance cases are derived with the correct Poisson ratios and proposal terms, and the final min(1, ·) forms match the target expressions.","The MH sampler is correctly coded with proposal and acceptance using alpha, runs for 2000 iterations, and you compare sample and theoretical quantiles appropriately using quantile and qpois.","You correctly use matrix multiplication and P%^%20 to get 1-year, 2-year, and 20-year outcomes; the reported paid-in-full percentages for good and risky loans match the expected values.","The simulation uses set.seed, rnorm, purrr::map, dplyr::lead, and tidyr::unnest as required, and you correctly compute and interpret that cov and alt_cov agree up to numerical error.",There is no Exercise 7 in the provided lab; no work to grade.,There is no Exercise 8 in the provided lab; no work to grade.,,
9,30,"Exercises 1–6 are all completed with correct code structure, appropriate use of functions, and accurate interpretations, fully aligning with the rubric. There are no additional exercises beyond these in the provided lab, so nothing is missing from the required work. This is a strong, thorough submission.",5,5,5,5,5,5,0,0,,,"Transition matrix, use of %^% for P^6, and summing non-churn states are all correct; the reported probability (~74.85%) is accurate and the workflow is clear.","You correctly built the 2x2 transition matrix, formed A as t(I−P) with a constraint row, solved with qr.solve, and verified both πP=π and sum(π)=1; the steady-state subscriber percentage is correctly interpreted.","All four MH acceptance cases are handled with the correct Poisson ratios and proposal terms, leading to the expected min(1,·) formulas; the reasoning is concise but complete.","The MH sampler is implemented with the correct proposal logic and alpha function, runs for 2000 iterations, and you compare sample and theoretical quantiles using quantile and qpois; the structure and outputs match the intended process.","You use matrix multiplication and P%^%20 appropriately: 1- and 2-year portfolio compositions are computed, and 20-year paid-in-full probabilities for good and risky loans match expected values.","The code reproduces the provided covariance and alternative covariance calculations over the required sample sizes using map, lead, and unnest, and your written comparison correctly notes they are (up to rounding) identical.",There is no Exercise 7 in this lab; no work to grade.,There is no Exercise 8 in this lab; no work to grade.,,
10,30,"Exercises 1–6 are all completed with correct code structure, appropriate use of functions, and accurate interpretations. The Markov chain, MH sampling, and covariance tasks all follow the intended workflows. There are no substantive issues to correct in this submission.",5,5,5,5,5,5,0,0,,,"Transition matrix, use of %^% to get P^6, and summing non-churn states are all correct; the reported probability (~74.85%) is accurate. Nice job using indexing to extract the first row.","You correctly built the 2x2 transition matrix, formed A as t(I−P) with a constraint row, solved with qr.solve, and verified both πP=π and sum(π)=1. The steady-state subscriber probability (~23.1%) is correct.","All four MH acceptance cases are handled with the correct Poisson ratio and proposal ratio, and you clearly state the resulting min(1,·) forms. The derivations match the expected formulas.","Your MH sampler uses the correct proposal logic, alpha function, and loop structure, and you compare sample and theoretical quantiles using quantile() and qpois(). The workflow and output structure are appropriate.",You correctly compute 1-year and 2-year portfolio compositions and use P%^%20 to get long-run outcomes for good and risky loans. The reported paid-in-full percentages (~76.5% and 19.6%) are accurate.,"You implement the tibble/map/unnest workflow, compute both covariance formulas correctly, and note that they agree up to tiny numerical differences. This matches the intended comparison.",There is no Exercise 7 in the provided lab; no work to grade.,There is no Exercise 8 in the provided lab; no work to grade.,,
11,30,"Exercises 1–6 are fully and correctly completed, with appropriate use of matrix operations, MH sampling, and tidyverse tools, and the written explanations align with the intended interpretations. There are no Exercises 7 or 8 in this lab, so only Q1–Q6 contribute to the score. Excellent work overall.",5,5,5,5,5,5,0,0,,,"Correctly defines P, uses %^% to get P^6, and sums non-churn states; probability (~75%) is accurate and workflow is clear.","Transition matrix is correct, A and b are constructed properly, qr.solve is used, and both πP=π and sum(π)=1 are checked; steady-state percent is correct.","All four MH acceptance cases are derived with the correct Poisson and proposal ratios, and the final min(1,·) forms match the target expressions.","Implements a valid MH loop with runif proposals and alpha(), stores 2000 samples, and compares sample and theoretical quantiles using quantile() and qpois(); structure and output are appropriate.",Uses matrix multiplication correctly for 1- and 2-year portfolio states and P%^%20 for long-run outcomes; reported 20-year paid-in-full percentages for good and risky loans match expected values.,"Replicates the intended tibble/map/unnest workflow, computes both covariance formulas correctly, and explains that results are effectively identical aside from tiny numerical differences.",There is no Exercise 7 in the provided lab; no work to grade.,There is no Exercise 8 in the provided lab; no work to grade.,,
12,30,"All six implemented exercises are complete and closely follow the intended workflows, with correct use of Markov chain matrix powers, stationary distribution solving, MH derivations and implementation, and covariance comparison. Numeric answers and interpretations are accurate. There are no additional exercises beyond Q6 in this lab, so Q7 and Q8 are not applicable.",5,5,5,5,5,5,0,0,,,"Correctly defines P, uses %^% to get P6, and sums non-churn states for a new customer; the reported probability (~74.85%) is accurate and the workflow matches the expected process.","Transition matrix P is correct, A and b are constructed properly, qr.solve is used to obtain pi, and you verify pi %*% P and sum(pi); the steady-state subscriber probability (~23%) is correct.","All four MH acceptance cases are handled with the correct Poisson ratio and proposal terms, leading to the expected min(1, ·) formulas; reasoning is clear and complete.","Implements a valid MH sampler with set.seed, runif-based proposals and accept/reject using alpha, stores 2000 samples, and compares sample quantiles to qpois; process and output structure are correct.","Uses matrix multiplication with the correct initial state and P (and implicitly P^2) for 1- and 2-year compositions, and uses P%^%20 to extract good/risky-to-paid probabilities; reported ~76.5% and ~19.6% match expectations.","Code follows the provided pattern: uses set.seed, rnorm, purrr::map, dplyr::lead, and tidyr::unnest to compute both covariance formulas over the required T values; explanation correctly notes they agree up to small numerical differences.",There is no Exercise 7 in the provided lab; no work to grade.,There is no Exercise 8 in the provided lab; no work to grade.,,
13,30,"You completed all six exercises with correct code and clear reasoning, closely following the intended workflows from the lab. Your Markov chain, MH sampling, and covariance implementations are all accurate, and your interpretations of the numerical results are appropriate. No substantive issues were found in the submitted work.",5,5,5,5,5,5,0,0,,,"You correctly defined P, used %^% to get P6, and summed the non-churn states for a new customer. The reported probability (~74.85%) is accurate and the workflow matches the expected process.","You built the correct 2x2 transition matrix, constructed A as t(I−P) with a constraint row, defined b properly, and solved for pi with qr.solve. You also checked pi %*% P and sum(pi), and the steady-state subscriber probability (~23.1%) is correct.","All four MH acceptance cases are handled with the correct Poisson ratio and proposal terms, and you state the resulting min(1, ·) forms. The derivations are concise but include the necessary reasoning for each case.","Your MH implementation uses set.seed, a for-loop with runif for proposals and acceptance, and the provided alpha function. You then compute sample quantiles and compare them to qpois, returning them in a clear table; the process and expected output structure are correct.",You used matrix multiplication with the initial state to get 1-year and 2-year compositions and used P%^%20 to obtain long-run outcomes for good and risky loans. The reported paid-in-full percentages (~76.5% and ~19.6%) match the expected results.,"You reproduced the full tibble/purrr/dplyr workflow, generating data for the specified T values and computing both cov and alt_cov, then unnesting. Your written interpretation correctly notes that the two covariance calculations are effectively identical up to numerical error.",There is no Exercise 7 in the provided lab; no work to grade.,There is no Exercise 8 in the provided lab; no work to grade.,,
14,30,"All six implemented exercises follow the expected workflows and use the correct R functions, with accurate interpretations in the markdown. There are no substantive errors or omissions in the required tasks. Note that Q7 and Q8 are not part of this lab, so the graded total reflects the six relevant exercises.",5,5,5,5,5,5,0,0,,,"Correctly defines P, uses %^% to get P6, and sums non-churn states; probability (~75%) is accurate and workflow is clear.","Transition matrix is correct, A and b are constructed properly, qr.solve is used, and both πP≈π and sum(π)=1 are checked; steady-state percent is correct.","All four MH acceptance cases are handled with the correct Poisson and proposal ratios, and the final min(1,·) forms match the expected formulas.","Implements a valid MH loop with runif proposals and alpha, stores 2000 samples, and compares sample quantiles to qpois; process and output structure are correct.","Uses matrix multiplication with initial state and P, and P%^%20 for long-run behavior; 1- and 2-year compositions plus 20-year good/risky paid-in-full percentages are correctly computed.","Uses set.seed, rnorm, purrr::map, dplyr::lead, and tidyr::unnest as required; constructs tibble with T, cov, and alt_cov and correctly notes they agree up to numerical error.",No Q7 exercise is present in this lab; no work to grade.,No Q8 exercise is present in this lab; no work to grade.,,
15,30,"All six implemented exercises follow the intended workflows and use the correct R functions, with accurate interpretations in the markdown. The work is complete and closely matches the solution structure. There are no substantive issues to correct.",5,5,5,5,5,5,0,0,,,"Correctly defines P, uses %^% to get P6, and sums non-churn states; probability (~75%) is accurate and workflow is clear.","Correct 2x2 transition matrix, constructs A and b properly, uses qr.solve, and verifies pi %*% P and sum(pi); steady-state percent is correct.","All four MH acceptance cases are derived with the correct Poisson and proposal ratios, and final min(1, ·) forms match the target expressions.","Implements MH sampler with set.seed, runif-based proposals and acceptance using alpha, stores 2000 samples, and compares sample vs Poisson quantiles; process and output structure are correct.","Uses matrix multiplication and P%^%20 correctly for 1-year, 2-year, and 20-year predictions; good and risky loan paid-in-full percentages match expected values.","Uses set.seed, rnorm, purrr::map, dplyr::lead, and tidyr::unnest exactly as intended; produces tibble with T, cov, and alt_cov and correctly notes they agree up to numerical error.",No Q7 exercise is present in this lab; nothing to grade.,No Q8 exercise is present in this lab; nothing to grade.,,
16,30,"Exercises 1–6 are fully and correctly completed, with appropriate code structure, use of required functions, and accurate interpretations. There are no additional exercises beyond 6 in this lab, so Q7 and Q8 are not applicable. Overall, this is a strong, complete submission.",5,5,5,5,5,5,0,0,,,"You correctly defined P, used %^% to get P6, and summed the non-churn states for a new customer; the reported probability (~74.85%) is accurate and the workflow is complete.","You built the correct 2x2 transition matrix, formed A as t(I−P) with a constraint row, solved for pi using qr.solve, and verified both pi %*% P and sum(pi); the steady-state subscriber probability (~23%) is correct.","All four MH acceptance cases are handled with the correct Poisson ratio and proposal terms, and you state the final min(1,·) forms as required.","Your MH sampler uses set.seed, a for-loop with runif for proposals and acceptance via alpha, stores 2000 samples, and compares sample quantiles to qpois; the structure and outputs match the expected process.",You used matrix multiplication with the correct initial state for 1- and 2-year compositions and P%^%20 for 20-year outcomes; the reported paid-in-full percentages for good (~76.5%) and risky (~19.6%) loans are correct.,"You implemented the tibble/map/unnest workflow with rnorm, lead-based differences, and both covariance formulas; the resulting table structure is correct and your interpretation that they agree up to rounding is appropriate.",There is no Exercise 7 in the provided lab; no work to grade.,There is no Exercise 8 in the provided lab; no work to grade.,,
17,30,"Exercises 1–6 are fully and correctly completed, with appropriate code structure and accurate interpretations that align with the solution template. There are no Exercises 7 or 8 in this lab, so only Q1–Q6 contribute to the score. Excellent work overall on Markov chains, MH sampling, and covariance calculations.",5,5,5,5,5,5,0,0,,,"Correctly defines P, uses %^% to get P6, and sums non-churn states; probability (~75%) is accurate and workflow is clear.","Transition matrix is correct, A and b are constructed properly, qr.solve is used, and checks for pi%*%P and sum(pi) are included; steady-state percent (~23%) is correct.","All four MH acceptance cases are addressed with the correct Poisson ratios and proposal terms, yielding the expected min(1,·) formulas.","Implements MH loop with runif proposals and alpha, stores 2000 samples, and compares sample quantiles to qpois; structure and outputs match the expected process.","Uses matrix multiplication and P%^%20 correctly for 1-year, 2-year, and 20-year outcomes; reported good and risky loan paid-in-full percentages (~76.5% and ~19.6%) are correct.",Replicates the provided tibble/map/lead/unnest workflow to compute both covariance formulas and correctly notes they agree up to small numerical differences.,There is no Exercise 7 in the provided lab; no work to grade.,There is no Exercise 8 in the provided lab; no work to grade.,,
18,30,"Exercises 1–6 are fully and correctly completed, with appropriate code structure and clear interpretations that align with the intended Markov chain and Monte Carlo workflows. There is no work shown for Q7 and Q8, so those receive no credit. Overall, this is a strong submission on the completed exercises.",5,5,5,5,5,5,0,0,,,"Correct transition matrix, use of %^% to get P^6, and summing non-churn states from the initial state; reported probability (~74.85%) is accurate.","Correct 2x2 transition matrix, proper construction of A and b, use of qr.solve, and checks for pi %*% P and sum(pi); steady-state subscriber probability (~23%) is correctly interpreted.","All four MH acceptance cases are handled with the correct Poisson ratio and proposal terms, yielding the expected min(1,·) formulas; reasoning is clear and complete.","Implements MH sampler with set.seed, runif-based proposals and accept/reject using alpha, stores 2000 samples, and compares sample quantiles to qpois; structure and outputs match the expected workflow.","Uses matrix multiplication and P%^%20 correctly: computes 1-year and 2-year portfolio from the given initial state, and extracts 20-year paid-in-full probabilities for good and risky loans with correct values.","Uses set.seed, rnorm, purrr::map, dplyr::lead, and tidyr::unnest exactly as intended to compute both covariance formulas over multiple T; explanation correctly notes they agree up to tiny numerical differences.",No content provided for this question.,No content provided for this question.,,
19,30,"All six implemented exercises follow the intended workflows and use the correct R functions and matrix operations. Numerical answers and interpretations are accurate and clearly stated. There are no substantive issues to correct; this is a strong, complete submission.",5,5,5,5,5,5,0,0,,,"Correctly defines P, uses %^% to get P6, and sums non-churn states; probability (~75%) is accurate and workflow is clear.","Transition matrix, construction of A and b, qr.solve for pi, and checks for pi%*%P and sum(pi) are all correctly implemented; steady-state percent is correct.","All four MH acceptance cases are derived with the correct Poisson and proposal ratios and wrapped in the appropriate min(1,·) form.","Implements MH sampler with set.seed, runif-based proposals and acceptance using alpha, stores 2000 samples, and compares sample and theoretical quantiles; process and output structure are correct.","Uses matrix multiplication and P%^%20 correctly for 1-year, 2-year, and 20-year predictions; reported good and risky loan paid-in-full percentages match expected values.","Uses set.seed, rnorm, purrr::map, dplyr::lead, and tidyr::unnest as required; constructs tibble with T, cov, and alt_cov and correctly notes that both covariance methods agree up to numerical error.",No Q7 exercise is present in this lab; grade recorded as 0 by convention.,No Q8 exercise is present in this lab; grade recorded as 0 by convention.,,
20,30,"All six exercises that exist in this lab are fully and correctly completed, with code and reasoning closely matching the solution template. Your Markov chain, MH sampling, and covariance workflows are implemented as expected and your interpretations are accurate. No additional points are assigned for Q7–Q8 because those questions are not part of this lab.",5,5,5,5,5,5,0,0,,,"You correctly defined P, used %^% to get P6, and summed the non-churn states for a new customer. The reported probability (~74.85%) is accurate and the workflow matches the expected matrix operations.","You built the correct 2x2 transition matrix, formed A as t(I−P) with a constraint row, set b properly, and solved for pi with qr.solve. You also checked pi %*% P and sum(pi), and the steady-state subscriber probability (~23.1%) is correct.","All four MH acceptance cases are handled with the correct Poisson ratio and proposal terms, and you explicitly state the resulting min(1,·) forms. The derivations are concise and mathematically correct.","Your MH sampler uses set.seed, a for-loop with runif for proposals and acceptance, and the provided alpha function. You then compute sample quantiles and compare them to qpois at the required probabilities; the structure and expected output are correct.",You used matrix multiplication with the initial state to get 1- and 2-year compositions and used P%^%20 to extract the paid-in-full probabilities for good and risky loans. The reported percentages (~76.5% and 19.6%) match the expected long-run outcomes.,"You reproduced the full tibble/purrr/dplyr workflow, computing both covariance formulas across the specified sample sizes and unnesting the results. Your written interpretation correctly notes that the two methods agree up to tiny numerical differences.",There is no Exercise 7 in the provided lab; no work to grade.,There is no Exercise 8 in the provided lab; no work to grade.,,
21,30,"Exercises 1–6 are all completed with correct code, appropriate use of functions, and accurate interpretations that align with the solution template. The Markov chain, MH sampling, and covariance tasks are implemented cleanly and follow the required workflows. There are no additional exercises beyond 6 in this lab, so Q7 and Q8 are not applicable.",5,5,5,5,5,5,0,0,,,"Correctly defines P, uses %^% to get P6, and sums non-churn states; probability is essentially correct. Workflow and code structure fully match the expected process.","Transition matrix, construction of A and b, and use of qr.solve are all correct. You verify pi %*% P and sum(pi), and the steady-state subscriber percentage is accurate.","All four MH acceptance cases are derived with the correct Poisson ratios and proposal terms, and the final min(1, ·) forms match the expected expressions. Written reasoning is clear and complete.","Implements MH correctly with set.seed, runif proposals and accept/reject using alpha, stores 2000 samples, and compares quantiles to qpois. Output structure (cbind of probs, sample and theoretical quantiles) is appropriate.","Uses matrix multiplication with the correct initial state, and computes 1-year and 2-year compositions. Uses P%^%20 and the correct rows/entries to obtain long-run paid-in-full percentages for good and risky loans, with accurate reported values.","Code matches the intended workflow: generates data for multiple T, uses purrr::map, dplyr::lead, and tidyr::unnest to compute both covariance formulas. Explanation correctly notes that the two methods agree up to tiny numerical differences.",There is no Exercise 7 in this lab; no work to grade.,There is no Exercise 8 in this lab; no work to grade.,,
22,30,"Exercises 1–6 are fully and correctly implemented, with appropriate use of matrix operations, MH sampling, and tidyverse tools, and the written interpretations are accurate. There is no work shown for Q7 and Q8, so those receive zero by default. Ensure all exercises in future labs are attempted, even briefly, to avoid automatic zeros.",5,5,5,5,5,5,0,0,,,"Transition matrix, P^6 via %^%, and summing non-churn states are all implemented correctly; the reported probability is essentially correct.","Correct 2x2 transition matrix, construction of A and b, use of qr.solve, and checks of pi%*%P and sum(pi); steady-state subscriber percent is correctly interpreted.","All four MH acceptance cases are derived with the correct Poisson ratios and proposal terms, and the final min(1,·) forms match the expected expressions.","MH sampler is correctly coded with set.seed, proposal and acceptance using alpha, and quantile comparison against qpois; workflow and outputs align with the rubric.","Matrix powers and %*% are used appropriately for 1-year, 2-year, and 20-year predictions; good and risky loan paid-in-full percentages match expected values.","Code reproduces the provided covariance and alternative difference-based covariance using map, lead, and unnest, and the written interpretation correctly notes they agree up to rounding.","No content was provided for this question, so no points can be awarded.","No content was provided for this question, so no points can be awarded.",,
23,30,"Exercises 1–6 are fully and correctly implemented, with appropriate use of matrix operations, MH sampling, and tidyverse tools, and the written interpretations align with the expected results. Questions 7 and 8 are missing from the submission, so no credit can be given for them. Ensure all exercises in future labs are included before pushing your final work.",5,5,5,5,5,5,0,0,,,"Transition matrix, P^6 via %^%, and summing non-churn states are all implemented correctly; the reported probability is essentially correct.","Correct 2x2 transition matrix, construction of A and b, use of qr.solve, and verification of pi%*%P and sum(pi); steady-state percentage is accurate.","All four MH acceptance cases are derived with the correct Poisson and proposal ratios and wrapped in the appropriate min(1,·) form.","MH sampler is correctly coded with proposal and alpha-based acceptance, and sample quantiles are compared to qpois at the requested probabilities in a clear table.","Matrix powers and %*% are used correctly for 1-year, 2-year, and 20-year predictions; good and risky loan paid-in-full percentages match expected values.","Code reproduces the provided covariance and alternative covariance workflow with map, lead, and unnest, and the written interpretation correctly notes they agree up to numerical error.","No Q7 content was provided in the .qmd file, so this question cannot be awarded points.","No Q8 content was provided in the .qmd file, so this question cannot be awarded points.",,
24,30,"Exercises 1–6 are fully and correctly completed, with appropriate code structure and clear interpretations that align with the solution template and rubric. There is no work corresponding to Q7 or Q8, but based on the provided rubric only Ex1–Ex6 are graded, yielding full credit. Nice job following the intended workflows and verifying results where requested.",5,5,5,5,5,5,0,0,,,"Correct transition matrix, use of %^% and appropriate summing of non-churn states; numeric answer is essentially correct and clearly reported.","Correct 2x2 P, proper construction of A and b, use of qr.solve, and verification of pi%*%P and sum(pi); steady-state percentage is accurate.","All four MH acceptance cases are derived with the correct Poisson ratios and proposal terms, and the final min(1,·) forms match the expected expressions.","Implements MH sampler with set.seed, runif-based proposals and accept/reject using alpha, stores 2000 samples, and compares sample quantiles to qpois; workflow and output structure are correct.","Uses correct initial state and %*% for 1- and 2-year compositions, and P%^%20 with appropriate rows/entries for 20-year good and risky loan outcomes; reported percentages match expected values.","Uses set.seed, rnorm, purrr::map, dplyr::lead, and tidyr::unnest as specified to compute both covariance formulas across sample sizes, and correctly notes they agree up to tiny numerical differences.","No content provided for an Exercise 7, so no points can be awarded.","No content provided for an Exercise 8, so no points can be awarded.",,
25,30,"Exercises 1–6 are fully and correctly completed, with appropriate code structure and clear interpretations that match the solution approach. There is no work for Q7 and Q8, so those receive zero by default. Overall, this is a strong submission on the completed exercises.",5,5,5,5,5,5,0,0,,,"Correct transition matrix, use of %^% to get P^6, and summing non-churn states; numeric answer is essentially correct.","Correct 2x2 P, construction of A and b, use of qr.solve, and checks for pi%*%P and sum(pi); steady-state percentage is correct.","All four MH acceptance cases are derived with the correct Poisson ratios and proposal terms, leading to the correct min(1,·) formulas.","MH sampler is correctly implemented with proposal and alpha, 2000 iterations, and comparison of sample vs theoretical quantiles using quantile and qpois.","Uses correct initial state, matrix multiplication for 1- and 2-year compositions, and P%^%20 to obtain 20-year paid-in-full probabilities for good and risky loans with accurate values.",Implements the tibble/map/lead/unnest workflow correctly and interprets that cov and alt_cov are (numerically) the same across sample sizes.,No content provided for this question.,No content provided for this question.,,
26,30,"Exercises 1–6 are all completed with correct code structure, appropriate use of functions, and accurate interpretations in the markdown. There are no substantive issues with process or outputs. Note that only six exercises are present in this lab; Q7 and Q8 are not applicable.",5,5,5,5,5,5,0,0,,,"Transition matrix, P^6 via %^%, and summing non-churn states are all implemented correctly; the reported probability is essentially correct.","You correctly built P, formed A and b, solved for pi with qr.solve, and verified both pi %*% P and sum(pi); the steady-state subscriber probability is accurate.","All four MH acceptance cases are derived with the correct Poisson and proposal ratios, and the final min(1, ·) forms match the expected expressions.","The MH sampler uses set.seed, a proper proposal and alpha-based acceptance, stores 2000 samples, and compares sample quantiles to qpois; the workflow matches the rubric.","You use matrix powers and %*% correctly for 1-year, 2-year, and 20-year outcomes, and the reported paid-in-full percentages for good and risky loans are correct.","The tibble/map/lead/unnest pipeline is implemented as specified, computing both covariance formulas over the required sample sizes and correctly noting they agree up to rounding.",There is no Q7 in this lab; no work to grade.,There is no Q8 in this lab; no work to grade.,,
27,30,"All six exercises are completed with correct code structure and reasoning, closely matching the solution workflow and expected results. The Markov chain, MH sampling, and covariance tasks are all handled accurately. There are no substantive issues to correct.",5,5,5,5,5,5,0,0,,,"Transition matrix, P^6 via %^%, and summing non-churn states are all implemented correctly; the reported probability is essentially correct.","You correctly built P, formed A and b, solved for pi with qr.solve, and verified both pi %*% P and sum(pi); the steady-state subscriber percentage is accurate.","All four MH acceptance cases are derived with the correct Poisson and proposal ratios, and the final min(1, ·) forms match the expected expressions.","The MH sampler uses set.seed, a proper proposal and acceptance step with alpha(), stores 2000 samples, and compares sample quantiles to qpois; the workflow matches the rubric.","You used matrix multiplication and P%^%20 correctly to get 1- and 2-year compositions and 20-year paid-in-full probabilities for good and risky loans, with accurate percentages.","The code follows the provided pattern with map, lead, and unnest to compute both covariance formulas over the required sample sizes, and your interpretation correctly notes they agree up to rounding.",There is no Q7 in this lab; no work to grade.,There is no Q8 in this lab; no work to grade.,,
28,30,"Exercises 1–6 are fully and correctly implemented, with appropriate use of matrix operations, MH sampling, and tidyverse tools, and your written explanations align with the expected interpretations. Questions 7 and 8 are missing from the document, so they receive no credit. For future labs, ensure all exercises listed in the rubric are included in your .qmd before submitting.",5,5,5,5,5,5,0,0,,,"Transition matrix, P^6 via %^%, and summing non-churn states are implemented correctly; the reported probability (~74.85%) is appropriately close to the expected 75%.","You correctly built the 2x2 transition matrix, formed A as t(I−P) with a constraint row, solved with qr.solve, and verified both pi%*%P and sum(pi); the steady-state subscriber probability (~23%) is correct.","All four MH acceptance cases are handled with the correct Poisson and proposal ratios, yielding the expected min(1,·) formulas; the reasoning is clear and complete.","The MH sampler uses set.seed, a for loop with runif for proposals and acceptance via alpha, stores 2000 samples, and compares sample quantiles to qpois; the workflow matches the expected process.","You used matrix multiplication with the initial state and P (and P^20) correctly to get 1-year, 2-year, and 20-year outcomes; the reported 76.5% and 19.6% paid-in-full rates match the expected results.","The code follows the provided pattern with set.seed, rnorm, purrr::map, dplyr::lead, and tidyr::unnest to compute both covariance formulas; your explanation correctly notes they agree up to tiny numerical differences.","There is no Q7 content in the submitted .qmd, so this question cannot be graded.","There is no Q8 content in the submitted .qmd, so this question cannot be graded.",,
29,30,"Exercises 1–6 are all completed with correct code structure, appropriate use of functions, and accurate interpretations that align with the solution template. There are no apparent execution or process issues. Note that there were only six exercises in this lab; Q7 and Q8 are not applicable.",5,5,5,5,5,5,0,0,,,"Transition matrix, P^6 via %^%, and summing non-churn states are all implemented correctly; the reported probability is essentially correct.","You correctly built the 2x2 transition matrix, formed A and b, solved for pi with qr.solve, and verified both pi %*% P and sum(pi); the steady-state percentage is accurate.","All four MH acceptance cases are derived with the correct Poisson and proposal ratios, and the final min(1, ·) forms match the expected expressions.","The MH sampler uses set.seed, a proper proposal and acceptance step with alpha(), stores 2000 samples, and compares sample quantiles to qpois; the workflow matches the rubric.","You used matrix multiplication and P%^%20 correctly to get 1- and 2-year compositions and long-run paid-in-full probabilities for good and risky loans, with accurate percentages.","The code follows the provided pattern with set.seed, rnorm, map, lead, and unnest to compute both covariance formulas over the required sample sizes, and your interpretation correctly notes they agree up to numerical error.",There is no Exercise 7 in the provided lab; no work to grade.,There is no Exercise 8 in the provided lab; no work to grade.,,
30,30,"Exercises 1–6 are fully and correctly implemented, with appropriate use of matrix operations, MH sampling, and tidyverse tools, and the written interpretations align with the expected results. There is no content for Q7 and Q8 in this lab file, so they receive no credit. Overall, this is a strong submission for the parts completed.",5,5,5,5,5,5,0,0,,,"Transition matrix, P^6 via %^%, and summing non-churn states are all implemented correctly; the reported probability is essentially correct.","Correct 2x2 transition matrix, construction of A and b, use of qr.solve, and verification of pi%*%P and sum(pi); steady-state percentage is accurate.","All four MH acceptance cases are derived with the correct Poisson and proposal ratios, and the final min(1,·) forms match the expected expressions.","MH sampler is correctly coded with proposal and alpha-based acceptance, and sample quantiles are compared to qpois quantiles as required.","Matrix powers and %*% are used appropriately for 1-, 2-, and 20-year transitions; good and risky loan paid-in-full probabilities match expected values.","Code reproduces the provided covariance and alternative covariance calculations over the full range of T, and the written comparison correctly notes they agree up to rounding.",No content provided for this question in the .qmd file.,No content provided for this question in the .qmd file.,,
31,30,"Exercises 1–6 are all completed with correct code structure, appropriate use of functions, and accurate interpretations in the markdown. The Markov chain, MH sampling, and covariance tasks follow the intended workflows closely. There are no substantive issues to correct; this is a strong submission.",5,5,5,5,5,5,0,0,,,"Correct transition matrix, use of %^%, and summing non-churn states; probability is essentially correct and workflow is clear.","Correct 2x2 matrix, construction of A and b, use of qr.solve, and verification of both pi%*%P and sum(pi); steady-state percentage is accurate.","All four MH acceptance cases are derived with the correct Poisson ratios and proposal terms, yielding the expected min(1,·) formulas.","Implements MH with set.seed, runif proposals and accept/reject using alpha, stores 2000 samples, and compares sample quantiles to qpois; process and outputs match the rubric.","Uses matrix multiplication and P%^%20 correctly for 1-year, 2-year, and 20-year outcomes; good and risky loan paid-in-full percentages align with expected values.","Uses set.seed, rnorm, purrr::map, dplyr::lead, and tidyr::unnest as required; constructs the tibble of T, cov, and alt_cov and correctly notes they agree up to rounding.",No Q7 exercise is present in this lab; rubric only covers Ex1–Ex6.,No Q8 exercise is present in this lab; rubric only covers Ex1–Ex6.,,
32,30,"Exercises 1–6 are fully and correctly implemented, with appropriate use of matrix operations, MH sampling, and tidyverse tools, and the written explanations align with the intended interpretations. There is no work for Q7 and Q8, but within the provided exercises the code and reasoning are clear and consistent with the rubric.",5,5,5,5,5,5,0,0,,,"Correct transition matrix, use of %^%, and summing non-churn states; probability is essentially correct and workflow is clear.","Correct 2x2 P, construction of A and b, use of qr.solve, and verification of pi%*%P and sum(pi); steady-state subscriber percent is accurate.","All four MH acceptance cases are derived with the correct Poisson ratios and proposal terms, yielding the expected min(1,·) formulas.","Implements MH with set.seed, runif proposals and accept/reject using alpha, stores 2000 samples, and compares sample quantiles to qpois; process and output structure are correct.",Uses initial state and %*% for 1- and 2-year compositions and P%^%20 for 20-year outcomes; reported good and risky loan paid-in-full percentages match expected values.,"Uses set.seed, rnorm, purrr::map, dplyr::lead, and tidyr::unnest to compute both covariance formulas over the required T values and correctly notes they agree up to rounding.",No content provided for this question.,No content provided for this question.,,
33,30,"Exercises 1–6 are all completed with correct code structure, appropriate use of functions, and accurate interpretations, fully matching the intended workflows. There are no additional questions beyond Q6 in this lab, so Q7 and Q8 are not applicable. Overall, this is a strong and thorough submission.",5,5,5,5,5,5,0,0,,,"Transition matrix, P^6 via %^%, and summing non-churn states are all implemented correctly; the reported probability is accurate.","You correctly built the 2x2 transition matrix, formed A and b, solved for pi, and verified both pi%*%P and sum(pi); the steady-state subscriber probability is correct.","All four MH acceptance cases are derived with the correct Poisson and proposal ratios, and the final min(1,·) forms match the expected expressions.","The MH sampler is correctly coded with proposal and acceptance using alpha, and you compare sample and theoretical quantiles using quantile and qpois as required.","You use matrix powers and %*% appropriately for 1-year, 2-year, and 20-year outcomes; the good and risky loan paid-in-full percentages match the expected long-run values.","The simulation uses set.seed, rnorm, purrr::map, dplyr::lead, and tidyr::unnest correctly to compute both covariance formulas, and your interpretation correctly notes they agree up to numerical error.",There is no Q7 in this lab; no work to grade.,There is no Q8 in this lab; no work to grade.,,
34,30,"All six implemented exercises follow the intended workflows and use the correct R functions, with accurate interpretations in the markdown. The Markov chain, MH sampling, and covariance tasks are all handled cleanly and in line with the solution template. There are no substantive issues to correct.",5,5,5,5,5,5,0,0,,,"Transition matrix, P^6 via %^%, and summing non-churn states are all implemented correctly; the reported probability is accurate and the workflow matches the rubric.","You correctly built the 2x2 transition matrix, formed A as t(I−P) with a constraint row, solved for pi with qr.solve, and verified pi%*%P and sum(pi); the steady-state subscriber probability is correct.","All four MH acceptance cases are derived with the correct Poisson ratios and proposal terms, and you clearly state the final min(1,·) forms as required.","The MH sampler is correctly coded with proposal and acceptance using alpha, runs for 2000 iterations, and you compare sample and theoretical Poisson quantiles as specified.",You use matrix multiplication and P%^%20 appropriately to get 1- and 2-year portfolio compositions and long-run paid-in-full probabilities for good and risky loans; the reported percentages match expectations.,"The simulation uses set.seed, rnorm, purrr::map, dplyr::lead, and tidyr::unnest as required, and you correctly compute and compare cov and alt_cov, noting they agree up to numerical error.",There is no Exercise 7 content in this lab; this question is not applicable.,There is no Exercise 8 content in this lab; this question is not applicable.,,
35,30,"Exercises 1–6 are fully and correctly completed, with appropriate code structure and accurate interpretations that match the solution template. There are no Exercises 7 or 8 in this lab, so those entries are not applicable. Overall, this is a strong submission demonstrating correct use of Markov chains, MH sampling, and covariance calculations.",5,5,5,5,5,5,0,0,,,"Correct transition matrix, use of %^%, and summing non-churn states; probability (~74.85%) is accurate and workflow is clear.","Correct 2x2 P, construction of A and b, use of qr.solve, and verification of pi%*%P and sum(pi); steady-state subscriber probability (~23%) is correct.","All four MH acceptance cases are derived with the correct Poisson ratios and proposal terms, yielding the expected min(1,·) formulas.","Implements MH sampler with set.seed, runif-based proposals and accept/reject using alpha, then compares sample and theoretical quantiles; process and output structure are correct.","Uses correct initial vector, matrix multiplication for 1- and 2-year compositions, and P%^%20 for 20-year outcomes; reported paid-in-full percentages for good and risky loans match expectations.","Uses set.seed, rnorm, purrr::map, dplyr::lead, and tidyr::unnest to compute both covariance formulas over the required sample sizes; explanation correctly notes they are (numerically) identical.",There is no Exercise 7 in the provided lab; no work to grade.,There is no Exercise 8 in the provided lab; no work to grade.,,
36,30,"All six implemented exercises fully meet the rubric: code structure, use of required functions, and reasoning are correct and complete. The Markov chain, MH sampling, and covariance tasks are all handled accurately. There are no additional questions beyond Q6 in this lab, so the effective score is full credit for the graded components.",5,5,5,5,5,5,0,0,,,"Transition matrix, P^6 via %^%, and summing non-churn states are all implemented correctly; the reported probability is accurate.","You correctly built the 2x2 transition matrix, formed A and b, solved for pi with qr.solve, and verified both pi %*% P and sum(pi); the steady-state subscriber probability is correct.","All four MH acceptance cases are derived with the correct Poisson and proposal ratios, and the final min(1, ·) forms match the expected expressions.","The MH sampler is correctly implemented with proposal and acceptance using alpha, and you compare sample and theoretical quantiles using quantile and qpois as required.","You use matrix powers and %*% appropriately for 1-year, 2-year, and 20-year outcomes; the good and risky loan paid-in-full percentages match the expected long-run values.","The simulation uses set.seed, rnorm, purrr::map, dplyr::lead, and tidyr::unnest correctly to compute both covariance formulas, and your interpretation correctly notes they agree up to numerical error.",There is no Q7 in this lab; no work to grade.,There is no Q8 in this lab; no work to grade.,,
37,30,"All six implemented exercises follow the expected workflows and use the correct R functions, with accurate interpretations in the markdown. The Markov chain, MH sampling, and covariance tasks are all handled well. There are no substantive issues to correct in this submission.",5,5,5,5,5,5,0,0,,,"Correct transition matrix, use of %^%, and summing non-churn states; probability is essentially correct and workflow is clear.","Correct 2x2 matrix, construction of A and b, use of qr.solve, and verification of both pi%*%P and sum(pi); steady-state percentage is accurate.","All four MH acceptance cases are derived with the correct Poisson ratios and proposal terms, yielding the expected min(1,·) formulas.","Implements MH with set.seed, runif proposals and accept/reject using alpha, stores 2000 samples, and compares sample quantiles to qpois; process and output structure are correct.","Uses matrix powers and %*% correctly for 1-year, 2-year, and 20-year outcomes; good and risky loan paid-in-full percentages match expected values.","Uses set.seed, rnorm, purrr::map, dplyr::lead, and tidyr::unnest as required; constructs the tibble with T, cov, and alt_cov and correctly notes they agree up to rounding.",No Q7 exercise is present in this lab; counted as 0 by rubric structure.,No Q8 exercise is present in this lab; counted as 0 by rubric structure.,,
38,30,"Exercises 1–6 are fully and correctly completed, with code and reasoning that closely follow the intended workflows and produce the right interpretations. There are no submissions for Q7–Q8, which do not exist in this lab, so they are not counted toward the effective total. Overall, this is an excellent, thorough solution set.",5,5,5,5,5,5,0,0,,,"All required steps are present: P is defined, P^6 is computed with %^%, and the non-churn states are summed correctly; the reported probability (~74.85%) is accurate.","You correctly built the 2x2 transition matrix, formed A as t(I−P) with an added constraint row, solved for pi with qr.solve, and verified pi%*%P and sum(pi); the steady-state subscriber probability (~23%) is correct.","All four MH acceptance cases are handled with the correct Poisson ratios and proposal probabilities, leading to the correct min(1,·) formulas; the reasoning is clear and matches the target expressions.","The MH sampler is implemented correctly with set.seed, proposal and acceptance using runif and alpha, and you compare sample and theoretical quantiles via quantile and qpois; the output structure matches the rubric’s intent.","You use matrix multiplication and P%^%20 appropriately: 1- and 2-year portfolio compositions are computed, and 20-year paid-in-full probabilities for good and risky loans (~76.5% and ~19.6%) are correctly extracted and reported.","The code follows the intended workflow with set.seed, rnorm, purrr::map, dplyr::lead, and tidyr::unnest to compute both covariance formulas across sample sizes, and your written comparison correctly notes they are (numerically) identical.",There is no Q7 in this lab; no work to grade.,There is no Q8 in this lab; no work to grade.,,
39,30,"Exercises 1–6 are all completed with correct code structure, appropriate use of functions, and accurate interpretations in the markdown. There is no work for additional exercises beyond 6, but within the provided lab scope your solutions are thorough and aligned with the rubric. Keep this level of clarity and completeness in future labs.",5,5,5,5,5,5,0,0,,,"Transition matrix, P^6 via %^%, and summing non-churn states are all implemented correctly; the reported probability (~74.85%) is accurate.","You correctly built the 2x2 transition matrix, formed A and b, solved for pi with qr.solve, and verified both pi%*%P and sum(pi); the steady-state subscriber probability (~23%) is correct.","All four MH acceptance cases are derived with the correct Poisson ratios and proposal terms, and the final min(1,·) forms match the target expressions.","The MH sampler is correctly coded with proposal and acceptance using alpha, runs for 2000 iterations, and you compare sample and theoretical quantiles using quantile and qpois as required.",You use matrix multiplication and P%^%20 appropriately to get 1- and 2-year compositions and 20-year paid-in-full probabilities for good and risky loans; the reported percentages (~76.5% and ~19.6%) are correct.,"The simulation uses set.seed, rnorm, purrr::map, dplyr::lead, and tidyr::unnest as specified, and you correctly compute and compare cov and alt_cov, noting they agree up to tiny numerical differences.","There is no content corresponding to an Exercise 7, so no points can be awarded.","There is no content corresponding to an Exercise 8, so no points can be awarded.",,
40,30,"Exercises 1–6 are all completed with correct code structure, appropriate use of functions, and accurate interpretations that align with the solution template. There are no apparent execution or process issues. Note that there were no prompts for Q7–Q8 in this lab, so they are not applicable.",5,5,5,5,5,5,0,0,,,"Transition matrix, P^6 via %^%, and summing non-churn states are all implemented correctly; the reported probability (~74.85%) is accurate and the workflow matches the rubric.","You correctly built the 2x2 transition matrix, formed A as t(I−P) with a constraint row, solved for pi using qr.solve, and verified pi%*%P and sum(pi); the steady-state subscriber probability (~23%) is correct.","All four MH acceptance cases are derived with the correct Poisson ratios and proposal terms, and the final min(1,·) forms match the expected expressions.","The MH sampler is correctly implemented with proposal and acceptance using alpha, runs for 2000 iterations, and you compare sample and theoretical quantiles using quantile and qpois as required.","You use matrix powers and %*% appropriately to get 1-year, 2-year, and 20-year outcomes; the good and risky loan paid-in-full percentages (~76.5% and ~19.6%) and intermediate portfolio compositions are correctly computed.","The simulation uses set.seed, rnorm, purrr::map, dplyr::lead, and tidyr::unnest as specified, and the resulting tibble compares cov and alt_cov, with a clear statement that they agree up to numerical error.",There is no Exercise 7 in the provided lab; no work to grade.,There is no Exercise 8 in the provided lab; no work to grade.,,
41,30,"Exercises 1–6 are all completed with correct code structure, appropriate use of functions, and accurate interpretations. There is no work for Q7 and Q8, so those receive zero by default. Overall, this is a strong submission on the completed parts.",5,5,5,5,5,5,0,0,,,"Correctly defines P, uses %^% to get P^6, and sums non-churn states; numeric answer is essentially correct.","Transition matrix, construction of A and b, qr.solve for pi, and checks of pi%*%P and sum(pi) are all correctly implemented with a correct steady-state percentage.","All four MH acceptance cases are derived with the correct Poisson ratios and proposal terms, and the final min(1,·) forms match the target expressions.","Implements a valid MH loop with runif proposals and acceptance using alpha, then compares sample and theoretical quantiles using quantile and qpois in a clear table.","Uses matrix multiplication and P%^%20 correctly for 1-year, 2-year, and 20-year outcomes; reported percentages for good and risky loans match expected values.",Fully reproduces the tibble/map/lead/unnest workflow and correctly interprets that cov and alt_cov agree up to negligible numerical differences.,No content provided for this question.,No content provided for this question.,,
42,30,"Exercises 1–6 are fully and correctly implemented, with appropriate use of matrix operations, MH sampling, and tidyverse tools, and the written interpretations align with the computations. There is no work shown for Q7 and Q8, so those receive no credit. Overall, this is a strong submission on the completed exercises.",5,5,5,5,5,5,0,0,,,"Correctly defines P, uses %^% to get P6, and sums non-churn states; numeric answer is essentially correct and workflow is clear.","Transition matrix, construction of A and b, qr.solve for pi, and checks of pi%*%P and sum(pi) are all present and correct; steady-state interpretation is accurate.","All four MH acceptance cases are derived with the correct Poisson and proposal ratios, and the final min(1,·) forms match the target expressions.","Implements MH with set.seed, runif-based proposals and accept/reject using alpha, stores 2000 samples, and compares sample and theoretical quantiles; process and output structure are correct.",Uses matrix multiplication for 1- and 2-year portfolio composition and P%^%20 with appropriate rows to get 20-year paid-in-full probabilities; reported percentages match expected values.,"Code reproduces the intended simulation using map, lead, and unnest to compute both covariance formulas across sample sizes, and the written interpretation correctly notes they agree up to rounding.",No content provided for this question.,No content provided for this question.,,
43,30,"Exercises 1–6 are all completed with correct code, appropriate use of functions, and accurate interpretations that align with the solution template. There are no submissions for Q7–Q8, which do not appear in this lab specification, so they are scored as 0 by structure but do not affect the intended 30-point total. Overall, this is a strong and thorough submission.",5,5,5,5,5,5,0,0,,,"Correctly defines P, uses %^% to get P6, and sums non-churn states; probability is essentially correct. Workflow and code structure fully match the expected process.","Transition matrix, construction of A and b, and use of qr.solve are all correct. You verify pi %*% P and sum(pi), and the steady-state percentage is accurate.","All four MH acceptance cases are derived with the correct Poisson ratios and proposal terms, and the final min(1, ·) forms match the target expressions. Work is clearly laid out for each case.","Implements MH correctly with set.seed, runif proposals and accept/reject using alpha, and stores 2000 samples. Quantiles are compared to qpois at the required probabilities in a clear table.",Uses matrix multiplication with the correct initial vector for 1- and 2-year compositions and P%^%20 for long-run outcomes. Extracts the correct paid-in-full probabilities for good and risky loans and reports them in text.,"Code matches the intended workflow: generates data for multiple T, computes both covariance formulas via purrr::map and dplyr::lead, and unnests results. The written interpretation correctly notes that the two methods agree up to tiny numerical differences.",There is no Exercise 7 in the provided lab; no work to grade.,There is no Exercise 8 in the provided lab; no work to grade.,,
44,30,"Exercises 1–6 are fully and correctly completed, with appropriate code structure and clear reasoning in both the Markov chain and Monte Carlo parts. The covariance comparison is implemented exactly as intended and interpreted correctly. There is no work corresponding to Q7–Q8 in this lab, so the graded portion reflects a perfect score on all required exercises.",5,5,5,5,5,5,0,0,,,"Correctly defines P, uses %^% to get P6, and sums non-churn states; probability is essentially correct. Nice clear workflow.","Transition matrix, construction of A and b, qr.solve for pi, and checks of pi%*%P and sum(pi) are all present and correct; steady-state percent is accurate.","All four MH acceptance cases are derived with the correct Poisson and proposal ratios, and the final min(1, ·) forms match the target expressions.","Implements MH with set.seed, runif proposals and accept/reject using alpha, stores 2000 samples, and compares sample quantiles to qpois; process and output structure are correct.",Uses matrix multiplication with initial state and P for 1- and 2-year compositions and P%^%20 for 20-year outcomes; reported good/risky paid-in-full percentages match expected values.,"Uses set.seed, rnorm, purrr::map, dplyr::lead, and tidyr::unnest to compute both covariance formulas over the required sample sizes and correctly notes they are (numerically) identical.",No content provided for an additional exercise; nothing to grade.,No content provided for an additional exercise; nothing to grade.,,
45,30,"Exercises 1–6 are fully and correctly completed, with appropriate use of matrix operations, MH sampling, and tidyverse tools, and your written interpretations are accurate. There are no responses for Q7–Q8 because those questions are not part of this lab, so they do not affect your effective score. Overall, this is an excellent submission demonstrating strong understanding of the material.",5,5,5,5,5,5,0,0,,,"Transition matrix, P^6 via %^%, and summing non-churn states are all implemented correctly; the reported probability is accurate.","You correctly built the 2x2 transition matrix, formed A and b, solved for pi with qr.solve, and verified both pi%*%P and sum(pi); the steady-state percentage is correct.","All four MH acceptance cases are derived with the correct Poisson and proposal ratios, and the final min(1,·) forms match the expected expressions.","The MH sampler is correctly coded with proposal and acceptance using alpha, and you compare sample and theoretical quantiles using quantile and qpois as required.","You use matrix powers and %*% appropriately for 1-year, 2-year, and 20-year outcomes, and the reported paid-in-full percentages for good and risky loans match expectations.","The simulation uses set.seed, rnorm, purrr::map, lead, and unnest correctly to compute both covariance formulas, and your interpretation correctly notes they agree up to numerical error.",There is no Q7 in this lab; no work to grade.,There is no Q8 in this lab; no work to grade.,,
46,30,"Exercises 1–6 are fully and correctly completed, with appropriate use of matrix operations, MH sampling, and tidyverse tools, and the written interpretations match the computations. There are no tasks corresponding to Q7 and Q8 in this lab, so they are left unattempted by design. Overall, this is a strong and thorough submission for the assigned exercises.",5,5,5,5,5,5,0,0,,,"Correctly defines P, uses %^% to get P6, and sums non-churn states; numeric answer (~74.85%) is appropriate and workflow is clear.","Transition matrix, construction of A and b, qr.solve for pi, and checks of pi%*%P and sum(pi) are all present and correct; steady-state percentage is correctly interpreted.","All four MH acceptance cases are derived with the correct Poisson ratios and proposal terms, and the final min(1,·) forms match the target expressions.","Implements MH sampler with set.seed, runif-based proposals and accept/reject using alpha, stores 2000 samples, and compares sample quantiles to qpois; process and output structure are correct.","Uses matrix multiplication with initial state and P for 1- and 2-year compositions, and P%^%20 with appropriate rows to get 20-year paid-in-full probabilities for good and risky loans; reported percentages match expectations.","Code reproduces the intended simulation using set.seed, rnorm, purrr::map, dplyr::lead, and tidyr::unnest, computing both cov and alt_cov; explanation correctly notes they are (numerically) identical.",There is no Exercise 7 in the provided lab; no work to grade.,There is no Exercise 8 in the provided lab; no work to grade.,,
47,30,"Exercises 1–6 are fully and correctly implemented, with appropriate use of matrix operations, MH sampling, and tidyverse tools, and the written explanations align with the expected interpretations. No content was provided for Q7–Q8 in this lab file, so they are marked as 0 by default. Overall, this is a strong submission for the graded exercises present.",5,5,5,5,5,5,0,0,,,"Correctly defines P, uses %^% to get P6, and sums non-churn states; probability (~75%) is accurate and workflow is clear.","Transition matrix is correct, A and b are constructed properly, qr.solve is used, and both πP=π and sum(π)=1 are checked; steady-state percent is correct.","All four MH acceptance cases are handled with the correct π ratios, proposal ratios, and final min(1,·) forms; reasoning is clearly shown.","Implements MH loop with runif proposals and alpha(), stores 2000 samples, and compares sample and Poisson quantiles; process and output structure match the rubric.","Uses matrix multiplication and P%^%20 correctly for 1-year, 2-year, and 20-year outcomes; reported good/risky paid-in-full percentages match expected values.","Code reproduces the intended tibble with T, cov, and alt_cov using set.seed, rnorm, purrr::map, lead, and unnest; explanation correctly notes the two covariances are (numerically) identical.","There is no Exercise 7 content in the provided .qmd, so this question cannot be graded.","There is no Exercise 8 content in the provided .qmd, so this question cannot be graded.",,
48,30,"Exercises 1–6 are fully and correctly implemented, with appropriate use of matrix operations, MH sampling, and tidyverse tools, and the written explanations align with the expected interpretations. There is no content for Q7 and Q8 in the submitted .qmd, so those receive no credit. Overall, this is a strong submission on the completed exercises.",5,5,5,5,5,5,0,0,,,"Correctly defines P, uses %^% to get P^6, and sums non-churn states; numeric answer (~75%) is appropriate and workflow is clear.","Transition matrix, construction of A and b, qr.solve for pi, and checks for pi%*%P and sum(pi) are all correctly implemented with a reasonable steady-state percentage.","All four MH acceptance cases are derived with the correct Poisson ratios and proposal terms, yielding the expected min(1,·) formulas.","Implements MH sampler with set.seed, runif-based proposals and accept/reject using alpha, then compares sample and theoretical quantiles via quantile and qpois in a clear table.","Uses matrix multiplication and P%^%k correctly for 1-year, 2-year, and 20-year outcomes; extracts appropriate entries for good and risky loans with accurate percentages.","Uses set.seed, rnorm, purrr::map, dplyr::lead, and tidyr::unnest as required to compute both covariance formulas across sample sizes and correctly notes they agree up to numerical error.","No Q7 content was provided in the .qmd file, so this question cannot be awarded points.","No Q8 content was provided in the .qmd file, so this question cannot be awarded points.",,
49,30,"Exercises 1–6 are fully and correctly implemented, with appropriate use of matrix operations, MH sampling, and tidyverse tools, and the written explanations are accurate. There is no work for Q7 and Q8, so those receive zero. Overall, this is a strong submission on the completed exercises.",5,5,5,5,5,5,0,0,,,"Correctly defines P, uses %^% to get P^6, and sums non-churn states; numeric answer is essentially correct.","Transition matrix, construction of A and b, qr.solve for pi, and checks of pi%*%P and sum(pi) are all correctly implemented with a correct steady-state interpretation.","All four MH acceptance cases are derived with the correct Poisson and proposal ratios and wrapped in the appropriate min(1,·) form.","Implements MH with set.seed, runif-based proposals and accept/reject using alpha, stores 2000 samples, and compares sample and theoretical quantiles; process and output structure match the rubric.","Uses matrix multiplication and P%^%20 correctly for 1-year, 2-year, and 20-year predictions; percentages for good and risky loans paid in full after 20 years are correct.","Uses set.seed, rnorm, purrr::map, dplyr::lead, and tidyr::unnest to compute both covariance formulas over the required sample sizes and correctly notes they agree up to numerical error.",No content provided for this question.,No content provided for this question.,,
50,30,"Exercises 1–6 are fully and correctly completed, with appropriate code structure and accurate interpretations that match the solution workflow. No additional exercises were required for this lab, so the core graded content is excellent. Keep this level of clarity and completeness in future labs.",5,5,5,5,5,5,0,0,,,"Correctly defines P, uses %^% to get P^6, and sums non-churn states; probability (~75%) is accurate and workflow is complete.","Transition matrix is correct, A and b are constructed properly, qr.solve is used, and both πP=π and sum(π)=1 are checked; steady-state percent is correct.","All four MH acceptance cases are derived with the correct Poisson ratios and proposal terms, yielding the expected min(1,·) formulas; reasoning is clear and complete.","Implements MH with set.seed, runif proposals and accept/reject using alpha, stores 2000 samples, and compares sample quantiles to qpois; process and output structure are correct.","Uses matrix multiplication with initial state and P, and P^20 via %^% to get 1-year, 2-year, and 20-year outcomes; reported good/risky paid-in-full percentages match expected values.","Uses set.seed, rnorm, purrr::map, dplyr::lead, and tidyr::unnest to compute both covariance formulas over the required T values, and correctly notes they are (numerically) identical.",There is no Exercise 7 in this lab; no work to grade.,There is no Exercise 8 in this lab; no work to grade.,,
