Student,Total,Model_Total,OverallComment,Q1,Q2,Q3,Q4,Q5,Q6,Q7,Q8,Q9,Q10,Q1_feedback,Q2_feedback,Q3_feedback,Q4_feedback,Q5_feedback,Q6_feedback,Q7_feedback,Q8_feedback,Q9_feedback,Q10_feedback
student_a,26,26,"The student completed all exercises with correct code structure for most tasks. Points were deducted primarily in Exercise 1 for not following the single-step pipe requirement, Exercise 2 for missing the stratification parameter, and Exercise 3 for incorrect log base and predictor selection in the recipe. The modeling and workflowset exercises were executed correctly.",2,2,1,3,3,3,3,3,3,3,"Code executes and uses `skimr`, but fails Process Fidelity by creating intermediate variables (`Missing`) instead of piping directly. Also, the conclusion about missing data is correct, but the code filters for missing data rather than just displaying the summary as requested.","Code executes and creates splits. However, it misses the `strata = 'Sale_Price'` parameter required by the rubric for Output Accuracy. Variable names differ from template but logic is sound.",Code executes but has significant Process Fidelity and Output Accuracy issues. It uses `base = 10` for log transform instead of natural log (`exp(1)`). It applies center/scale to `all_predictors()` (including outcome) instead of `all_numeric_predictors()`. It creates an intermediate `prep_recipe` variable instead of piping to `broom::tidy()`.,"Correctly defines all three models with appropriate engines, modes, and tunable parameters (`tune()`). Code structure matches requirements.",Correctly applies `parsnip::translate()` to all three model objects. Code is present and correct.,Correctly sets seed and creates bootstrap samples using `rsample::bootstraps()` on the training data. Code is present and correct.,Correctly creates the workflow set and unnests the info column. Variable names in the list differ from the solution template but are consistent within the student's code.,"Code correctly chains the required dplyr/tidyr functions to unnest results, filter for rmse, group, arrange, and slice. Logic matches the rubric requirements.",Correctly calls `workflowsets::rank_results()` with the specified parameters. Code is present and correct.,"Correctly extracts the workflow, finalizes it with parameters, and fits to train/test data. The student provides the MSE values and implies the ratio calculation. Note: The student used `base_recip_random_forest` which matches their custom naming in Q7."
student_b,19,21,"The student demonstrated strong understanding of the core modeling concepts (Ex3, Ex4, Ex5) and correctly implemented the recipe and model specifications. However, significant points were lost in the later exercises (Ex7-Ex10) due to deviation from the required workflow structure, redefining variables unnecessarily, and not following the specific instructions for resampling and result extraction. Ensure you follow the variable names and process steps exactly as outlined in the rubric.",2,2,3,3,3,2,1,1,1,1,Code executes `skimr::skim()` but uses `ames` instead of the required `dat` variable and does not use the pipe operator `|>` as specified in the rubric. Markdown conclusion is correct.,"Code structure is correct (set.seed, initial_split, training/testing), but missing the required `strata = 'Sale_Price'` parameter in `initial_split`.","Correctly creates recipe with specified formula, applies log, step_other, step_dummy, center, scale, and preps. Uses `broom::tidy()` for examination. Process fidelity is high.","Correctly defines three models: lm base, glmnet with penalty/mixture tuning, and ranger with min_n/trees tuning. Uses `parsnip::tune()` correctly.",Correctly calls `parsnip::translate()` on all three model objects to display templates.,"Code calls `bootstraps()` on `ames_train` with seed set, but explicitly sets `times = 25` instead of using the default parameters as requested in the rubric.","Code creates `workflow_set` but fails to unnest the `info` column using `tidyr::unnest()` as required. It only selects columns. Also, model definitions in this block differ from Ex4 (e.g., glmnet mixture fixed to 1), reducing process fidelity.","The code block is overly complex and deviates significantly from the expected process. It redefines recipes/models, uses `vfold_cv` instead of the bootstrap samples from Ex6, and creates a new variable `all_workflows_res` instead of updating `all_workflows`. While it performs unnesting and filtering, the workflow fidelity is low.",Code calls `rank_results` but on the custom `all_workflows_res` object rather than the standard `all_workflows` variable. The comparison logic is convoluted and does not simply verify consistency with Ex8 as intended.,"Extracts workflow and finalizes it, but uses incorrect parameters (`mtry` instead of `trees`/`min_n` as per Ex4 spec) and a complex prediction/metrics calculation instead of simply fitting and comparing OOB errors as requested. The final ratio calculation is present but based on a non-standard workflow."
student_c,23,23,"The student demonstrated good understanding of the tidymodels ecosystem functions but deviated significantly from the prescribed workflow in later exercises. Specifically, re-defining recipes and workflows in Exercise 7 and 10 instead of chaining from previous steps led to process fidelity deductions. The EDA conclusion was also factually incorrect.",2,3,2,3,3,3,2,2,2,1,"Code executes and uses `skimr::skim()`, but the conclusion in the markdown is incorrect. The Ames dataset has no missing data, but the student answered 'YES'. Deducted 1 point for OutputAccuracy.","Correctly sets seed, creates split with `initial_split` using correct parameters (`strata`, `prop`), and extracts training/testing sets.","Recipe steps are present, but the order is incorrect (centering/scaling before dummy variables can cause issues with dummy encoding in some contexts, though `step_dummy` usually handles factors). More critically, the rubric requires `base = exp(1)` for log transform; student used default (natural log is default, so this is fine). However, the student did not pipe to `broom::tidy()` as explicitly requested in the rubric's ProcessFidelity check for examination. Deducted 1 point for ProcessFidelity.","Correctly defines three models: `lm_mod_base`, `glmnet_mod_tune` (with penalty/mixture tuning), and `rf_mod_tune` (with min_n/trees tuning). Engines and modes are set correctly.",Correctly calls `parsnip::translate()` on all three model objects.,Correctly sets seed and creates bootstrap samples using `rsample::bootstraps()` on the training data.,"The `workflow_set` is created, but the student defined a *new* recipe (`rec_base`) instead of using the `norm_recipe` from Exercise 3 as implied by the workflow continuity. Also, the unnesting code uses `unnest_wider` which is valid but the rubric expects standard `unnest`. The main issue is deviation from the expected process of using the previously created recipe. Deducted 1 point for ProcessFidelity.","The student used `tune::collect_metrics()` and `mutate`/`map` instead of the direct `unnest` workflow specified in the rubric. While the result is similar, the process fidelity is low. The filtering and grouping logic is present but complex. Deducted 1 point for ProcessFidelity.","The student ran `rank_results` but added significant extra code to manually compare it with Exercise 8 results, rather than just running the function and observing as requested. The core function call is correct. Deducted 1 point for ProcessFidelity due to over-complication.","The student failed to extract the specific 'base_forest' workflow as required by the rubric. Instead, they dynamically found the best ID and finalized it. Furthermore, they created a *new* recipe (`norm_recipe2`) and a *new* workflow (`wf`) for fitting, rather than fitting the finalized workflow from the previous step. The final MSE ratio calculation is also based on this new, potentially different model setup. Significant deviation from the required process. Deducted 2 points for ProcessFidelity and OutputAccuracy."
student_d,15,15,"The student completed the initial data exploration and model specification steps (Ex1-6) with minor issues in Ex1 (incorrect missing data conclusion) and Ex2 (missing stratification). However, the student failed to complete the workflow creation, tuning, and finalization steps (Ex7-10), leaving placeholders and disabling code execution. Significant points were lost due to incomplete submission of the latter half of the lab.",2,2,2,3,3,3,0,0,0,0,"Code executes `skimr::skim(dat)` correctly. However, the markdown conclusion states 'Yes' there is missing data, which contradicts the rubric's expected output (no missing data in this dataset version). Deducted 1 point for OutputAccuracy.","Code structure is correct (set.seed, initial_split, training/testing). However, the `initial_split` call is missing the `strata = 'Sale_Price'` parameter required by the rubric. Deducted 1 point for OutputAccuracy/ProcessFidelity.","Recipe steps are present but the order is incorrect (centering/scaling after dummy creation can be problematic, and log transform should typically be earlier or handled carefully). More critically, the code block is marked `eval: false`, so the recipe is never prepped or examined with `broom::tidy()` as required. Deducted 1 point for CodeExecution/ProcessFidelity.","All three models (`lm_mod_base`, `lm_mod_glmnet`, `lm_mod_rforest`) are correctly specified with appropriate engines and tunable parameters. `set_mode` is explicitly set for the random forest, which is good practice.",Code correctly calls `parsnip::translate()` on all three model objects.,Code correctly sets seed and creates bootstrap samples using `rsample::bootstraps(ames_train)`.,"The code block contains placeholders (`____`) and is marked `eval: false`. No actual workflow set was created or examined. Missing CodeExecution, ProcessFidelity, and OutputAccuracy.","The code block contains placeholders (`__`) and is marked `eval: false`. No data manipulation or filtering was performed. Missing CodeExecution, ProcessFidelity, and OutputAccuracy.","The code block is marked `eval: false`. While the function call is present, it cannot execute or produce output. Missing CodeExecution and OutputAccuracy.","All code blocks for Exercise 10 contain placeholders (`__`) and are marked `eval: false`. No model extraction, finalization, or fitting was performed. Missing CodeExecution, ProcessFidelity, and OutputAccuracy."
student_e,24,24,"The student demonstrated a good understanding of the tidymodels workflow, particularly in model specification and workflow set creation. Points were deducted primarily for missing specific parameters in data splitting and preprocessing (strata, log base), and for deviations in the final model evaluation steps. Ensure strict adherence to required function arguments and parameter values in future labs.",2,2,1,3,3,3,3,3,3,1,"Code executes `skimr::skim()` correctly. However, the rubric requires using the pipe operator `|>` to pass data to the function, which is missing here. Markdown conclusion is correct.","Code structure for splitting data is correct. However, the `strata = 'Sale_Price'` parameter required by the rubric is missing from `initial_split()`.","Code creates a recipe and preps it. However, the log transformation uses `base = 10` instead of the required natural log (`base = exp(1)`). Additionally, `step_center` and `step_scale` are applied to `all_predictors()` instead of `all_numeric_predictors()`, which may cause issues with dummy variables created earlier. The order of steps also differs from the expected process (centering/scaling after dummy creation).","All three models are created correctly with the specified engines and tunable parameters (`penalty`, `mixture`, `min_n`, `trees`). Code execution and process fidelity are met.",Code correctly calls `parsnip::translate()` on all three model objects. Output accuracy is assumed based on correct code structure.,Code correctly sets seed and creates bootstrap samples using `rsample::bootstraps()` on the training data. Process and output criteria are met.,"Code correctly creates the workflow set with the recipe and models, and unnests the info column. Structure matches expectations.","Code correctly maps `workflow_map`, unnests results, filters for RMSE, groups by workflow ID, and selects the top row. Note: The student sorts descending (highest RMSE), which selects the worst model, but the code structure matches the rubric's required functions and workflow steps.",Code correctly calls `workflowsets::rank_results()` with the specified parameters. The student provides a valid interpretation comparing the results to Exercise 8.,"The student extracts the workflow and fits it. However, the finalization parameters (`trees = 1000`) do not match the 'best' parameters implied by the previous exercises (which would be `trees = 1` based on the descending sort in Q8 or the actual best from rank_results). Furthermore, the student manually calculates MSE using `predict()` and inverse log transformation, rather than using the OOB errors directly from the fitted model objects as implied by the solution template. The final ratio is significantly different from the expected ~1.12."
student_f,26,26,"The student completed all exercises with generally correct code structures. Points were deducted primarily for missing specific parameters (strata in split, pipe operator in skim) and using `step_normalize` instead of separate center/scale steps. The final exercise had a more complex than necessary implementation for model comparison.",2,2,2,3,3,3,3,3,3,2,"Code executes `skimr::skim(dat)` correctly and markdown answers the missing data question. However, the rubric specifies using the pipe operator `|>` to pass data to `skim()`, which was not used.","Code correctly sets seed, creates split, and extracts train/test sets. However, the `initial_split` call is missing the required `strata = 'Sale_Price'` parameter specified in the rubric.","Recipe structure is mostly correct with log, normalize, other, and dummy steps. However, `step_normalize` was used instead of separate `step_center` and `step_scale` as specified. Also, `broom::tidy()` was called on the prepped recipe object directly inside the chain rather than piping the prepped recipe to `tidy()` for examination as requested.","All three models are correctly specified with appropriate engines and tunable parameters (`penalty`, `mixture`, `min_n`, `trees`). `set_mode` is present for the random forest model.",Code correctly calls `parsnip::translate()` on all three model objects.,Code correctly sets seed and creates bootstrap samples using `rsample::bootstraps()` on the training data.,Workflow set is correctly created with the recipe and three models. The info column is unnested for examination.,"Code correctly maps `tune_grid`, unnests results and metrics, filters for rmse, groups by wflow_id, arranges by estimate, and slices the first row.",Code correctly calls `workflowsets::rank_results()` with the specified parameters and includes markdown comparison to Exercise 8 results.,"The workflow extraction and finalization are present. However, the code for fitting and comparing performance is overly complex and deviates from the expected simple `fit()` calls on train/test data. The ratio calculation is present but the process fidelity is lower due to unnecessary manual MSE calculation steps instead of using standard fit outputs."
student_g,26,26,"The student demonstrated a strong understanding of the tidymodels workflow, correctly implementing recipes, models, and workflow sets. Points were deducted primarily for missing specific parameters (strata in split) and deviating from the required code structure in Exercises 8 and 10, where helper functions or redundant code were used instead of the specified manual pipelines.",2,2,3,3,3,3,3,2,3,2,"Code executes and uses `skimr`, but fails to use the pipe operator `|>` as required by the rubric. Also, `library(skimr)` is used instead of the namespace call `skimr::skim()`, which is less robust.","Code structure is correct (seed, split, train/test extraction), but the `initial_split` call is missing the `strata = 'Sale_Price'` parameter required by the rubric.","Correctly creates the recipe with the specified formula, applies all required steps (log, other, dummy, normalize/center/scale) in a logical order, and preps/tidies the recipe.","Correctly defines three models: base lm, glmnet with tuned penalty/mixture, and ranger with tuned min_n/trees. Uses `tune::tune()` appropriately.",Correctly calls `parsnip::translate()` on all three model objects to display their templates.,Correctly sets seed and creates bootstrap samples using `rsample::bootstraps()` on the training data.,Correctly creates the workflow set with the recipe and three models. Uses `tidyr::unnest_wider` (or similar unnesting) to examine the info column structure.,"The student used `workflowsets::collect_metrics()` instead of the required manual unnesting/filtering pipeline (`dplyr::select`, `tidyr::unnest`, `dplyr::filter`, etc.) specified in the rubric. While the result is likely correct, the process fidelity is low.",Correctly calls `workflowsets::rank_results()` with the required parameters to compare results.,"The student extracted the correct workflow and finalized it. However, they unnecessarily recreated the recipe and model from scratch in the final block instead of using the finalized `best_model_workflow` variable directly for fitting, deviating from the expected process fidelity."
student_h,21,21,"The student demonstrated a good understanding of the individual components (recipes, models, bootstrap) in the early exercises. However, significant points were lost in the later exercises (Q8-Q10) due to deviating from the prescribed workflow. Instead of chaining operations on the existing `all_workflows` object as instructed, the student redefined variables and used alternative methods (like `vfold_cv` and manual prediction) that did not align with the rubric's process fidelity requirements.",2,2,3,3,3,2,2,1,2,1,"Code executes `skimr::skim(dat)` correctly. However, the rubric requires using the pipe operator `|>` to pass data to the function (e.g., `dat |> skimr::skim()`). The student used direct argument passing. Deducted 1 point for ProcessFidelity.","Code correctly sets seed and creates splits. However, the rubric explicitly requires using `strata = 'Sale_Price'` in `initial_split`. The student omitted this parameter. Deducted 1 point for OutputAccuracy/ProcessFidelity.","Code correctly creates the recipe with the specified formula, applies `step_log`, `step_other`, `step_dummy`, `step_center`, and `step_scale`, and preps the recipe. The order of operations is logical (dummy creation before scaling). All criteria met.","Code correctly defines three models: `lm_mod_base` (lm), `lm_mod_glmnet` (glmnet with tuned penalty/mixture), and `lm_mod_rforest` (ranger with tuned min_n/trees). All required functions and parameters are present.",Code correctly calls `parsnip::translate()` on all three model objects. Output accuracy is assumed based on correct code structure.,"Code sets seed and calls `bootstraps()`. However, the rubric specifies using default parameters. The student explicitly set `times = 25`, which deviates from the 'default parameters' instruction. Deducted 1 point for ProcessFidelity.","Code creates the workflow set. However, the rubric requires using `tidyr::unnest()` on the info column to examine contents. The student only selected the columns (`dplyr::select(wflow_id, info)`) without unnesting. Deducted 1 point for CodeExecution/ProcessFidelity.","The student did not follow the required process. Instead of updating `all_workflows` and then chaining the specific dplyr/tidyr verbs as requested, they redefined the workflow set, used `vfold_cv` instead of the bootstrap samples from Ex6, and used `rank_results` as a shortcut. The specific chain of `select`, `unnest`, `filter`, `group_by`, `arrange`, `slice` was not applied to the `all_workflows` object as instructed. Deducted 2 points for ProcessFidelity and CodeExecution.","Code calls `rank_results` with correct parameters. However, the student performed extensive additional data manipulation (`pivot_wider`, etc.) not required by the rubric, which complicates the verification of consistency with Ex8. Deducted 1 point for ProcessFidelity due to deviation from the simple comparison expected.",The student failed to follow the specific workflow required. They redefined the entire workflow set and tuning process instead of using the existing `all_workflows` and `best_model_workflow` variables. They also used `predict` and manual MSE calculation instead of the `fit` function on the workflow as specified in the rubric's ProcessFidelity check. Deducted 2 points for ProcessFidelity and CodeExecution.
student_i,25,25,"The student completed most exercises with correct function calls and workflows. Points were deducted primarily for missing the `strata` parameter in data splitting, a syntax error in the recipe preparation step, and using incorrect finalization parameters in the last exercise. Ensure code syntax is valid and parameters match the specified requirements.",2,2,1,3,3,3,3,3,3,2,"Code executes `skimr::skim(dat)` correctly, but the rubric requires using the pipe operator `|>` to pass data to the function. The markdown conclusion 'No' is correct.","Code structure is correct (set.seed, initial_split, training/testing). However, the `initial_split` call is missing the `strata = 'Sale_Price'` parameter required by the rubric for OutputAccuracy.","The recipe steps are present but the order is incorrect (centering/scaling after dummy creation may scale dummy variables incorrectly depending on interpretation, but more critically, the code block has a syntax error: missing pipe `%>%` before `recipes::prep(norm_recipe)`. This prevents execution.","All three models are defined correctly with appropriate engines and tunable parameters (`tune()`). `set_mode` is explicitly set for the random forest, and implied/default for others which is acceptable.",Code correctly calls `parsnip::translate()` on all three model objects.,Code correctly sets seed and creates bootstrap samples using `rsample::bootstraps()` on the training data.,Workflow set is created correctly with the recipe and models. The info column is unnested for examination.,"The workflow map code is present (though marked eval: false, the structure is correct). The subsequent dplyr/tidyr pipeline correctly unnests results, filters for rmse, groups, arranges, and slices.",Code correctly calls `workflowsets::rank_results()` with the specified parameters.,"The workflow extraction and finalization are present. However, the parameters used in `finalize_workflow` (min_n=5, trees=500) do not match the 'best' parameters implied by the solution (trees=1, min_n=11) or the typical output of the previous steps. Additionally, the student calculated the MSE ratio manually rather than using the OOB errors directly from the fit objects as suggested by the rubric's focus on OOB prediction errors."
student_j,29,29,"The student completed all exercises with high fidelity to the rubric. The only deduction was in Exercise 2 for omitting the stratification variable in the train/test split. All other code structures, function calls, and markdown interpretations were correct.",3,2,3,3,3,3,3,3,3,3,Code correctly uses `skimr::skim()` on the `dat` dataset and includes the correct markdown conclusion regarding missing data.,"Code correctly sets seed and creates splits, but misses the `strata = 'Sale_Price'` parameter required by the rubric for OutputAccuracy.","Recipe is correctly defined with the specified formula, steps (log, normalize/center-scale, other, dummy), and is prepped/tidied as required.","All three models (lm, glmnet, ranger) are correctly specified with appropriate engines, modes, and tunable parameters.",Code correctly calls `parsnip::translate()` on all three model objects.,Code correctly sets seed and creates bootstrap samples from the training data using `rsample::bootstraps()`.,"Workflow set is correctly created with the recipe and models, and the info column is unnested for examination.","Code correctly maps tuning across workflows, unnests results, filters for rmse, groups, arranges, and slices to find the best metrics.",Code correctly calls `workflowsets::rank_results()` with the required parameters and includes a comparison comment.,"Code correctly extracts the best workflow, finalizes it with the specified parameters, fits on train/test data, and calculates the MSE ratio."
